Kód ADM;Kód obce;Název obce;Kód MOMC;Název MOMC;Kód MOP;Název MOP;Kód části obce;Název části obce;Kód ulice;Název ulice;Typ SO;Číslo domovní;Číslo orientační;Znak čísla orientačního;PSČ;Souřadnice Y;Souřadnice X;Platí Od
17444373;573108;Libáň;;;;;81663;Kozodírky;;;č.p.;1;;;50723;684386.77;1019544.23;2013-12-01T00:00:00
17444381;573108;Libáň;;;;;81663;Kozodírky;;;č.p.;2;;;50723;684361.18;1019551.52;2013-12-01T00:00:00
17444390;573108;Libáň;;;;;81663;Kozodírky;;;č.p.;3;;;50723;684337.58;1019554.31;2013-12-01T00:00:00
17444403;573108;Libáň;;;;;81663;Kozodírky;;;č.p.;4;;;50723;684313.31;1019553.91;2013-12-01T00:00:00
17444411;573108;Libáň;;;;;81663;Kozodírky;;;č.p.;5;;;50723;684304.98;1019560.71;2013-12-01T00:00:00
17444420;573108;Libáň;;;;;81663;Kozodírky;;;č.p.;6;;;50723;684257.89;1019492.65;2013-12-01T00:00:00
17444438;573108;Libáň;;;;;81663;Kozodírky;;;č.p.;7;;;50723;684261.67;1019582.20;2013-12-01T00:00:00
17444446;573108;Libáň;;;;;81663;Kozodírky;;;č.p.;8;;;50723;684248.97;1019311.12;2013-12-01T00:00:00
17444454;573108;Libáň;;;;;81663;Kozodírky;;;č.p.;9;;;50723;684279.06;1019272.76;2013-12-01T00:00:00
17444462;573108;Libáň;;;;;81663;Kozodírky;;;č.p.;10;;;50723;684284.24;1019254.62;2013-12-01T00:00:00
17444471;573108;Libáň;;;;;81663;Kozodírky;;;č.p.;11;;;50723;684284.72;1019236.70;2013-12-01T00:00:00
17444489;573108;Libáň;;;;;81663;Kozodírky;;;č.p.;12;;;50723;684286.67;1019217.77;2013-12-01T00:00:00
17444497;573108;Libáň;;;;;81663;Kozodírky;;;č.p.;13;;;50723;684312.79;1019200.89;2013-12-01T00:00:00
17444519;573108;Libáň;;;;;81663;Kozodírky;;;č.p.;15;;;50723;684280.07;1019145.82;2013-12-01T00:00:00
17444527;573108;Libáň;;;;;81663;Kozodírky;;;č.p.;16;;;50723;684272.84;1019101.79;2013-12-01T00:00:00
17444535;573108;Libáň;;;;;81663;Kozodírky;;;č.p.;17;;;50723;684274.01;1019058.32;2013-12-01T00:00:00
17444543;573108;Libáň;;;;;81663;Kozodírky;;;č.p.;18;;;50723;684267.67;1019028.26;2013-12-01T00:00:00
17444551;573108;Libáň;;;;;81663;Kozodírky;;;č.p.;19;;;50723;684273.66;1018985.99;2013-12-01T00:00:00
17444560;573108;Libáň;;;;;81663;Kozodírky;;;č.p.;20;;;50723;684281.27;1018918.39;2013-12-01T00:00:00
17444578;573108;Libáň;;;;;81663;Kozodírky;;;č.p.;21;;;50723;684275.84;1018964.75;2013-12-01T00:00:00
17444586;573108;Libáň;;;;;81663;Kozodírky;;;č.p.;22;;;50723;684256.29;1019629.66;2013-12-01T00:00:00
17444594;573108;Libáň;;;;;81663;Kozodírky;;;č.p.;24;;;50723;684236.73;1019071.34;2013-12-01T00:00:00
17444608;573108;Libáň;;;;;81663;Kozodírky;;;č.p.;25;;;50723;684294.54;1019627.29;2013-12-01T00:00:00
17444616;573108;Libáň;;;;;81663;Kozodírky;;;č.p.;26;;;50723;684274.54;1019668.50;2013-12-01T00:00:00
17444624;573108;Libáň;;;;;81663;Kozodírky;;;č.p.;27;;;50723;684271.66;1019644.71;2013-12-01T00:00:00
17444632;573108;Libáň;;;;;81663;Kozodírky;;;č.p.;28;;;50723;684269.84;1019610.90;2013-12-01T00:00:00
17444641;573108;Libáň;;;;;81663;Kozodírky;;;č.p.;29;;;50723;684298.19;1019661.21;2013-12-01T00:00:00
17444659;573108;Libáň;;;;;81663;Kozodírky;;;č.p.;30;;;50723;684263.16;1019014.32;2013-12-01T00:00:00
17444667;573108;Libáň;;;;;81671;Libáň;165964;T. G. Masaryka;č.p.;1;;;50723;682126.96;1018736.35;2013-12-01T00:00:00
17444675;573108;Libáň;;;;;81671;Libáň;165964;T. G. Masaryka;č.p.;2;;;50723;682160.67;1018717.14;2013-12-01T00:00:00
17444683;573108;Libáň;;;;;81671;Libáň;165964;T. G. Masaryka;č.p.;3;;;50723;682189.21;1018709.12;2013-12-01T00:00:00
17444691;573108;Libáň;;;;;81671;Libáň;165964;T. G. Masaryka;č.p.;4;;;50723;682209.65;1018703.91;2013-12-01T00:00:00
17444705;573108;Libáň;;;;;81671;Libáň;165964;T. G. Masaryka;č.p.;5;;;50723;682223.49;1018700.15;2013-12-01T00:00:00
17444713;573108;Libáň;;;;;81671;Libáň;165964;T. G. Masaryka;č.p.;6;;;50723;682246.16;1018693.92;2013-12-01T00:00:00
17444721;573108;Libáň;;;;;81671;Libáň;165964;T. G. Masaryka;č.p.;7;;;50723;682291.41;1018693.38;2013-12-01T00:00:00
17444730;573108;Libáň;;;;;81671;Libáň;165964;T. G. Masaryka;č.p.;8;;;50723;682329.56;1018705.21;2013-12-01T00:00:00
17444748;573108;Libáň;;;;;81671;Libáň;166111;náměstí Svobody;č.p.;9;;;50723;682328.75;1018713.38;2013-12-01T00:00:00
17444756;573108;Libáň;;;;;81671;Libáň;166111;náměstí Svobody;č.p.;10;;;50723;682325.28;1018726.62;2013-12-01T00:00:00
17444764;573108;Libáň;;;;;81671;Libáň;166031;Školní;č.p.;11;;;50723;682247.68;1018784.47;2013-12-01T00:00:00
17444772;573108;Libáň;;;;;81671;Libáň;166111;náměstí Svobody;č.p.;12;;;50723;682337.55;1018762.30;2013-12-01T00:00:00
17444781;573108;Libáň;;;;;81671;Libáň;166111;náměstí Svobody;č.p.;13;;;50723;682351.14;1018766.00;2013-12-01T00:00:00
17444799;573108;Libáň;;;;;81671;Libáň;166111;náměstí Svobody;č.p.;14;;;50723;682364.39;1018770.49;2013-12-01T00:00:00
17444802;573108;Libáň;;;;;81671;Libáň;166111;náměstí Svobody;č.p.;15;;;50723;682378.45;1018774.73;2013-12-01T00:00:00
17444811;573108;Libáň;;;;;81671;Libáň;166111;náměstí Svobody;č.p.;16;;;50723;682392.41;1018779.29;2013-12-01T00:00:00
17444829;573108;Libáň;;;;;81671;Libáň;166111;náměstí Svobody;č.p.;17;;;50723;682410.83;1018782.11;2015-01-07T00:00:00
17444837;573108;Libáň;;;;;81671;Libáň;166120;Jičínská;č.p.;18;;;50723;682457.27;1018468.00;2013-12-01T00:00:00
17444845;573108;Libáň;;;;;81671;Libáň;166057;Lindnerova;č.p.;19;;;50723;682414.67;1018868.24;2013-12-01T00:00:00
17444853;573108;Libáň;;;;;81671;Libáň;166057;Lindnerova;č.p.;20;;;50723;682431.13;1018891.17;2013-12-01T00:00:00
17444861;573108;Libáň;;;;;81671;Libáň;166057;Lindnerova;č.p.;21;;;50723;682435.64;1018904.85;2013-12-01T00:00:00
17444870;573108;Libáň;;;;;81671;Libáň;166057;Lindnerova;č.p.;22;;;50723;682441.67;1018922.93;2013-12-01T00:00:00
17444888;573108;Libáň;;;;;81671;Libáň;166103;Na Ženichově;č.p.;23;;;50723;682019.35;1018650.76;2013-12-01T00:00:00
17444896;573108;Libáň;;;;;81671;Libáň;166057;Lindnerova;č.p.;24;;;50723;682470.53;1018942.37;2013-12-01T00:00:00
17444900;573108;Libáň;;;;;81671;Libáň;166057;Lindnerova;č.p.;25;;;50723;682465.85;1018931.75;2013-12-01T00:00:00
17444918;573108;Libáň;;;;;81671;Libáň;166057;Lindnerova;č.p.;26;;;50723;682455.45;1018896.91;2013-12-01T00:00:00
17444926;573108;Libáň;;;;;81671;Libáň;166057;Lindnerova;č.p.;27;;;50723;682450.48;1018885.97;2013-12-01T00:00:00
17444934;573108;Libáň;;;;;81671;Libáň;166057;Lindnerova;č.p.;28;;;50723;682444.39;1018864.50;2013-12-01T00:00:00
17444942;573108;Libáň;;;;;81671;Libáň;166138;Smutná;č.p.;29;;;50723;682471.49;1018863.69;2013-12-01T00:00:00
17444951;573108;Libáň;;;;;81671;Libáň;166049;Komenského;č.p.;30;;;50723;681617.94;1018430.15;2013-12-01T00:00:00
17444969;573108;Libáň;;;;;81671;Libáň;166138;Smutná;č.p.;31;;;50723;682473.22;1018834.16;2013-12-01T00:00:00
17444977;573108;Libáň;;;;;81671;Libáň;166057;Lindnerova;č.p.;32;;;50723;682442.65;1018837.58;2013-12-01T00:00:00
17444985;573108;Libáň;;;;;81671;Libáň;166057;Lindnerova;č.p.;33;;;50723;682435.06;1018808.11;2013-12-01T00:00:00
17444993;573108;Libáň;;;;;81671;Libáň;166057;Lindnerova;č.p.;34;;;50723;682432.49;1018785.19;2013-12-01T00:00:00
17445001;573108;Libáň;;;;;81671;Libáň;166111;náměstí Svobody;č.p.;35;;;50723;682435.02;1018770.56;2015-01-07T00:00:00
17445019;573108;Libáň;;;;;81671;Libáň;166111;náměstí Svobody;č.p.;36;;;50723;682440.13;1018748.56;2015-01-07T00:00:00
17445027;573108;Libáň;;;;;81671;Libáň;166120;Jičínská;č.p.;37;;;50723;682449.90;1018734.63;2013-12-01T00:00:00
17445035;573108;Libáň;;;;;81671;Libáň;166120;Jičínská;č.p.;38;;;50723;682488.49;1018715.39;2013-12-01T00:00:00
17445043;573108;Libáň;;;;;81671;Libáň;166120;Jičínská;č.p.;40;;;50723;682478.07;1018691.70;2013-12-01T00:00:00
17445051;573108;Libáň;;;;;81671;Libáň;165999;Českých bratří;č.p.;41;;;50723;682497.03;1018656.03;2013-12-01T00:00:00
17445060;573108;Libáň;;;;;81671;Libáň;165999;Českých bratří;č.p.;42;;;50723;682514.65;1018632.93;2013-12-01T00:00:00
17445078;573108;Libáň;;;;;81671;Libáň;165999;Českých bratří;č.p.;43;;;50723;682531.01;1018611.30;2013-12-01T00:00:00
17445086;573108;Libáň;;;;;81671;Libáň;165999;Českých bratří;č.p.;44;;;50723;682527.84;1018554.97;2013-12-01T00:00:00
17445094;573108;Libáň;;;;;81671;Libáň;165999;Českých bratří;č.p.;45;;;50723;682524.94;1018576.50;2013-12-01T00:00:00
17445108;573108;Libáň;;;;;81671;Libáň;166014;Emlerova;č.p.;46;;;50723;682073.03;1019697.22;2013-12-01T00:00:00
17445116;573108;Libáň;;;;;81671;Libáň;165999;Českých bratří;č.p.;47;;;50723;682509.39;1018608.88;2013-12-01T00:00:00
17445124;573108;Libáň;;;;;81671;Libáň;166120;Jičínská;č.p.;48;;;50723;682488.34;1018633.47;2013-12-01T00:00:00
17445132;573108;Libáň;;;;;81671;Libáň;166120;Jičínská;č.p.;49;;;50723;682489.83;1018611.12;2013-12-01T00:00:00
17445141;573108;Libáň;;;;;81671;Libáň;166138;Smutná;č.p.;50;;;50723;682714.80;1018936.84;2013-12-01T00:00:00
17445159;573108;Libáň;;;;;81671;Libáň;166120;Jičínská;č.p.;51;;;50723;682485.13;1018534.25;2013-12-01T00:00:00
17445167;573108;Libáň;;;;;81671;Libáň;166120;Jičínská;č.p.;52;;;50723;682489.86;1018513.78;2013-12-01T00:00:00
17445175;573108;Libáň;;;;;81671;Libáň;165981;Cukrovar;č.p.;53;;;50723;681678.24;1018803.18;2015-01-07T00:00:00
17445183;573108;Libáň;;;;;81671;Libáň;166120;Jičínská;č.p.;54;;;50723;682481.94;1018470.30;2013-12-01T00:00:00
17445191;573108;Libáň;;;;;81671;Libáň;166120;Jičínská;č.p.;55;;;50723;682481.89;1018459.42;2013-12-01T00:00:00
17445205;573108;Libáň;;;;;81671;Libáň;166120;Jičínská;č.p.;56;;;50723;682462.78;1018515.37;2013-12-01T00:00:00
17445221;573108;Libáň;;;;;81671;Libáň;166120;Jičínská;č.p.;58;;;50723;682464.36;1018551.25;2013-12-01T00:00:00
17445230;573108;Libáň;;;;;81671;Libáň;166120;Jičínská;č.p.;59;;;50723;682469.95;1018593.14;2013-12-01T00:00:00
17445248;573108;Libáň;;;;;81671;Libáň;166120;Jičínská;č.p.;60;;;50723;682468.64;1018607.11;2013-12-01T00:00:00
17445272;573108;Libáň;;;;;81671;Libáň;166111;náměstí Svobody;č.p.;64;;;50723;682403.14;1018693.28;2013-12-01T00:00:00
17445299;573108;Libáň;;;;;81671;Libáň;166111;náměstí Svobody;č.p.;66;;;50723;682383.01;1018701.65;2013-12-01T00:00:00
17445302;573108;Libáň;;;;;81671;Libáň;166111;náměstí Svobody;č.p.;67;;;50723;682374.34;1018698.27;2013-12-01T00:00:00
17445311;573108;Libáň;;;;;81671;Libáň;166111;náměstí Svobody;č.p.;68;;;50723;682362.95;1018693.29;2013-12-01T00:00:00
17445329;573108;Libáň;;;;;81671;Libáň;166111;náměstí Svobody;č.p.;69;;;50723;682350.59;1018686.73;2013-12-01T00:00:00
17445337;573108;Libáň;;;;;81671;Libáň;165964;T. G. Masaryka;č.p.;70;;;50723;682337.67;1018680.01;2013-12-01T00:00:00
17445345;573108;Libáň;;;;;81671;Libáň;165964;T. G. Masaryka;č.p.;71;;;50723;682322.90;1018676.43;2013-12-01T00:00:00
17445353;573108;Libáň;;;;;81671;Libáň;165964;T. G. Masaryka;č.p.;72;;;50723;682306.17;1018671.48;2013-12-01T00:00:00
17445361;573108;Libáň;;;;;81671;Libáň;165964;T. G. Masaryka;č.p.;73;;;50723;682278.39;1018667.93;2013-12-01T00:00:00
17445370;573108;Libáň;;;;;81671;Libáň;165964;T. G. Masaryka;č.p.;74;;;50723;682263.41;1018668.28;2013-12-01T00:00:00
17445388;573108;Libáň;;;;;81671;Libáň;165964;T. G. Masaryka;č.p.;75;;;50723;682241.42;1018667.61;2015-01-07T00:00:00
17445400;573108;Libáň;;;;;81671;Libáň;166049;Komenského;č.p.;77;;;50723;682223.56;1018641.65;2013-12-01T00:00:00
17445418;573108;Libáň;;;;;81671;Libáň;166049;Komenského;č.p.;78;;;50723;682207.00;1018618.19;2013-12-01T00:00:00
17445426;573108;Libáň;;;;;81671;Libáň;165999;Českých bratří;č.p.;80;;;50723;682662.49;1018415.42;2013-12-01T00:00:00
17445434;573108;Libáň;;;;;81671;Libáň;166049;Komenského;č.p.;81;;;50723;682167.67;1018549.66;2013-12-01T00:00:00
17445442;573108;Libáň;;;;;81671;Libáň;721531;Sportovní;č.p.;82;;;50723;682139.43;1018510.13;2013-12-01T00:00:00
17445451;573108;Libáň;;;;;81671;Libáň;166049;Komenského;č.p.;83;;;50723;682147.27;1018538.31;2013-12-01T00:00:00
17445469;573108;Libáň;;;;;81671;Libáň;166049;Komenského;č.p.;84;;;50723;682133.04;1018591.77;2013-12-01T00:00:00
17445477;573108;Libáň;;;;;81671;Libáň;166049;Komenského;č.p.;85;;;50723;682145.73;1018565.37;2013-12-01T00:00:00
17445485;573108;Libáň;;;;;81671;Libáň;166049;Komenského;č.p.;86;;;50723;682159.57;1018573.58;2013-12-01T00:00:00
17445493;573108;Libáň;;;;;81671;Libáň;166049;Komenského;č.p.;87;;;50723;682170.17;1018590.42;2013-12-01T00:00:00
17445507;573108;Libáň;;;;;81671;Libáň;166049;Komenského;č.p.;88;;;50723;682174.77;1018596.88;2013-12-01T00:00:00
17445515;573108;Libáň;;;;;81671;Libáň;166049;Komenského;č.p.;89;;;50723;682183.07;1018615.67;2013-12-01T00:00:00
17445531;573108;Libáň;;;;;81671;Libáň;165964;T. G. Masaryka;č.p.;91;;;50723;682218.18;1018673.69;2015-01-07T00:00:00
17445540;573108;Libáň;;;;;81671;Libáň;165964;T. G. Masaryka;č.p.;92;;;50723;682188.68;1018681.68;2013-12-01T00:00:00
17445558;573108;Libáň;;;;;81671;Libáň;165964;T. G. Masaryka;č.p.;93;;;50723;682179.32;1018684.49;2013-12-01T00:00:00
17445566;573108;Libáň;;;;;81671;Libáň;165964;T. G. Masaryka;č.p.;94;;;50723;682160.00;1018690.32;2013-12-01T00:00:00
17445582;573108;Libáň;;;;;81671;Libáň;165964;T. G. Masaryka;č.p.;96;;;50723;682142.14;1018697.29;2013-12-01T00:00:00
17445591;573108;Libáň;;;;;81671;Libáň;166146;Tyršova;č.p.;97;;;50723;681897.46;1018592.01;2013-12-01T00:00:00
17445604;573108;Libáň;;;;;81671;Libáň;721531;Sportovní;č.p.;98;;;50723;682023.87;1018344.41;2013-12-01T00:00:00
17445612;573108;Libáň;;;;;81671;Libáň;166103;Na Ženichově;č.p.;99;;;50723;682024.93;1018631.74;2013-12-01T00:00:00
17445621;573108;Libáň;;;;;81671;Libáň;166120;Jičínská;č.p.;100;;;50723;682439.33;1018351.03;2013-12-01T00:00:00
17445639;573108;Libáň;;;;;81671;Libáň;166120;Jičínská;č.p.;101;;;50723;682452.98;1018367.23;2013-12-01T00:00:00
17445647;573108;Libáň;;;;;81671;Libáň;165972;Boženy Němcové;č.p.;102;;;50723;682070.67;1018701.82;2013-12-01T00:00:00
17445655;573108;Libáň;;;;;81671;Libáň;165972;Boženy Němcové;č.p.;103;;;50723;682084.69;1018680.88;2013-12-01T00:00:00
17445663;573108;Libáň;;;;;81671;Libáň;165972;Boženy Němcové;č.p.;104;;;50723;682101.86;1018661.64;2013-12-01T00:00:00
17445671;573108;Libáň;;;;;81671;Libáň;165972;Boženy Němcové;č.p.;105;;;50723;682113.75;1018650.89;2013-12-01T00:00:00
17445680;573108;Libáň;;;;;81671;Libáň;165999;Českých bratří;č.p.;106;;;50723;682644.81;1018398.37;2013-12-01T00:00:00
17445698;573108;Libáň;;;;;81671;Libáň;165972;Boženy Němcové;č.p.;107;;;50723;682070.91;1018667.17;2013-12-01T00:00:00
17445701;573108;Libáň;;;;;81671;Libáň;165972;Boženy Němcové;č.p.;108;;;50723;682109.24;1018656.09;2013-12-01T00:00:00
17445728;573108;Libáň;;;;;81671;Libáň;165972;Boženy Němcové;č.p.;110;;;50723;682096.45;1018615.25;2013-12-01T00:00:00
17445736;573108;Libáň;;;;;81671;Libáň;165972;Boženy Němcové;č.p.;111;;;50723;682095.78;1018607.19;2013-12-01T00:00:00
17445744;573108;Libáň;;;;;81671;Libáň;166103;Na Ženichově;č.p.;113;;;50723;682076.62;1018559.57;2013-12-01T00:00:00
17445761;573108;Libáň;;;;;81671;Libáň;166103;Na Ženichově;č.p.;115;;;50723;682065.54;1018592.95;2013-12-01T00:00:00
17445779;573108;Libáň;;;;;81671;Libáň;166103;Na Ženichově;č.p.;116;;;50723;682059.05;1018612.01;2013-12-01T00:00:00
17445787;573108;Libáň;;;;;81671;Libáň;165972;Boženy Němcové;č.p.;117;;;50723;682067.56;1018633.41;2013-12-01T00:00:00
17445795;573108;Libáň;;;;;81671;Libáň;165972;Boženy Němcové;č.p.;118;;;50723;682059.97;1018651.39;2013-12-01T00:00:00
17445809;573108;Libáň;;;;;81671;Libáň;166022;Jiráskova;č.p.;120;;;50723;682064.96;1018742.15;2013-12-01T00:00:00
17445833;573108;Libáň;;;;;81671;Libáň;166022;Jiráskova;č.p.;123;;;50723;682038.40;1018794.91;2015-01-07T00:00:00
17445841;573108;Libáň;;;;;81671;Libáň;166022;Jiráskova;č.p.;124;;;50723;682049.61;1018815.49;2015-01-07T00:00:00
17445868;573108;Libáň;;;;;81671;Libáň;166049;Komenského;č.p.;127;;;50723;681989.05;1018491.83;2013-12-01T00:00:00
17445876;573108;Libáň;;;;;81671;Libáň;166022;Jiráskova;č.p.;128;;;50723;682102.36;1018821.03;2013-12-01T00:00:00
17445884;573108;Libáň;;;;;81671;Libáň;166022;Jiráskova;č.p.;129;;;50723;682072.85;1018835.07;2015-01-07T00:00:00
17445906;573108;Libáň;;;;;81671;Libáň;166022;Jiráskova;č.p.;131;;;50723;682121.89;1018843.79;2013-12-01T00:00:00
17445914;573108;Libáň;;;;;81671;Libáň;166022;Jiráskova;č.p.;132;;;50723;682132.99;1018855.23;2013-12-01T00:00:00
17445922;573108;Libáň;;;;;81671;Libáň;166022;Jiráskova;č.p.;133;;;50723;682145.33;1018879.48;2013-12-01T00:00:00
17445931;573108;Libáň;;;;;81671;Libáň;166006;Dukelská;č.p.;134;;;50723;681801.61;1018856.38;2013-12-01T00:00:00
17445949;573108;Libáň;;;;;81671;Libáň;166022;Jiráskova;č.p.;135;;;50723;682145.55;1018926.97;2015-01-07T00:00:00
17445957;573108;Libáň;;;;;81671;Libáň;166022;Jiráskova;č.p.;136;;;50723;682176.27;1018948.17;2013-12-01T00:00:00
17445965;573108;Libáň;;;;;81671;Libáň;166057;Lindnerova;č.p.;137;;;50723;682496.90;1019107.95;2013-12-01T00:00:00
17445973;573108;Libáň;;;;;81671;Libáň;166022;Jiráskova;č.p.;138;;;50723;682200.17;1018984.56;2013-12-01T00:00:00
17445981;573108;Libáň;;;;;81671;Libáň;166022;Jiráskova;č.p.;139;;;50723;682206.21;1019003.92;2013-12-01T00:00:00
17445990;573108;Libáň;;;;;81671;Libáň;166022;Jiráskova;č.p.;140;;;50723;682207.63;1019017.80;2013-12-01T00:00:00
17446007;573108;Libáň;;;;;81671;Libáň;166022;Jiráskova;č.p.;141;;;50723;682207.33;1019038.16;2013-12-01T00:00:00
17446015;573108;Libáň;;;;;81671;Libáň;166022;Jiráskova;č.p.;142;;;50723;682208.75;1019054.89;2013-12-01T00:00:00
17446023;573108;Libáň;;;;;81671;Libáň;166014;Emlerova;č.p.;143;;;50723;682204.93;1019070.11;2013-12-01T00:00:00
17446031;573108;Libáň;;;;;81671;Libáň;166120;Jičínská;č.p.;144;;;50723;682469.92;1018715.59;2013-12-01T00:00:00
17446040;573108;Libáň;;;;;81671;Libáň;166014;Emlerova;č.p.;145;;;50723;682168.04;1019261.99;2013-12-01T00:00:00
17446058;573108;Libáň;;;;;81671;Libáň;166014;Emlerova;č.p.;146;;;50723;682157.60;1019279.18;2013-12-01T00:00:00
17446066;573108;Libáň;;;;;81671;Libáň;166014;Emlerova;č.p.;147;;;50723;682179.11;1019175.65;2013-12-01T00:00:00
17446074;573108;Libáň;;;;;81671;Libáň;166014;Emlerova;č.p.;148;;;50723;682174.17;1019191.94;2013-12-01T00:00:00
17446082;573108;Libáň;;;;;81671;Libáň;166014;Emlerova;č.p.;149;;;50723;682175.39;1019211.79;2013-12-01T00:00:00
17446091;573108;Libáň;;;;;81671;Libáň;166014;Emlerova;č.p.;150;;;50723;682184.71;1019231.46;2013-12-01T00:00:00
17446104;573108;Libáň;;;;;81671;Libáň;166014;Emlerova;č.p.;151;;;50723;682151.23;1019306.13;2013-12-01T00:00:00
17446112;573108;Libáň;;;;;81671;Libáň;166014;Emlerova;č.p.;152;;;50723;682210.61;1019185.08;2013-12-01T00:00:00
17446121;573108;Libáň;;;;;81671;Libáň;166014;Emlerova;č.p.;153;;;50723;682213.05;1019173.45;2013-12-01T00:00:00
17446139;573108;Libáň;;;;;81671;Libáň;166014;Emlerova;č.p.;154;;;50723;682216.39;1019161.64;2013-12-01T00:00:00
17446147;573108;Libáň;;;;;81671;Libáň;166014;Emlerova;č.p.;155;;;50723;682220.21;1019145.12;2013-12-01T00:00:00
17446155;573108;Libáň;;;;;81671;Libáň;166014;Emlerova;č.p.;156;;;50723;682222.94;1019130.79;2013-12-01T00:00:00
17446163;573108;Libáň;;;;;81671;Libáň;166014;Emlerova;č.p.;157;;;50723;682232.69;1019116.25;2013-12-01T00:00:00
17446171;573108;Libáň;;;;;81671;Libáň;166014;Emlerova;č.p.;158;;;50723;682231.20;1019098.39;2013-12-01T00:00:00
17446180;573108;Libáň;;;;;81671;Libáň;166049;Komenského;č.p.;159;;;50723;682003.04;1018496.36;2013-12-01T00:00:00
17446198;573108;Libáň;;;;;81671;Libáň;166014;Emlerova;č.p.;160;;;50723;682240.42;1019066.73;2013-12-01T00:00:00
17446201;573108;Libáň;;;;;81671;Libáň;166146;Tyršova;č.p.;161;;;50723;681877.68;1018649.83;2013-12-01T00:00:00
17446228;573108;Libáň;;;;;81671;Libáň;166014;Emlerova;č.p.;163;;;50723;682226.09;1019018.93;2013-12-01T00:00:00
17446236;573108;Libáň;;;;;81671;Libáň;166014;Emlerova;č.p.;164;;;50723;682247.84;1018987.30;2013-12-01T00:00:00
17446244;573108;Libáň;;;;;81671;Libáň;165999;Českých bratří;č.p.;165;;;50723;682680.19;1018401.54;2013-12-01T00:00:00
17446252;573108;Libáň;;;;;81671;Libáň;166014;Emlerova;č.p.;166;;;50723;682276.52;1019004.47;2013-12-01T00:00:00
17446261;573108;Libáň;;;;;81671;Libáň;166014;Emlerova;č.p.;167;;;50723;682371.78;1018889.13;2013-12-01T00:00:00
17446279;573108;Libáň;;;;;81671;Libáň;166014;Emlerova;č.p.;168;;;50723;682394.00;1018914.49;2015-01-06T00:00:00
17446287;573108;Libáň;;;;;81671;Libáň;166014;Emlerova;č.p.;169;;;50723;682323.83;1018863.00;2015-01-07T00:00:00
17446295;573108;Libáň;;;;;81671;Libáň;166014;Emlerova;č.p.;170;;;50723;682326.01;1018895.91;2013-12-01T00:00:00
17446309;573108;Libáň;;;;;81671;Libáň;166014;Emlerova;č.p.;171;;;50723;682285.97;1018926.14;2013-12-01T00:00:00
17446317;573108;Libáň;;;;;81671;Libáň;166014;Emlerova;č.p.;172;;;50723;682279.88;1018936.27;2013-12-01T00:00:00
17446325;573108;Libáň;;;;;81671;Libáň;166014;Emlerova;č.p.;173;;;50723;682268.74;1018960.07;2013-12-01T00:00:00
17446333;573108;Libáň;;;;;81671;Libáň;166014;Emlerova;č.p.;174;;;50723;682248.55;1018968.45;2013-12-01T00:00:00
17446350;573108;Libáň;;;;;81671;Libáň;166057;Lindnerova;č.p.;176;;;50723;682513.21;1019077.70;2013-12-01T00:00:00
17446368;573108;Libáň;;;;;81671;Libáň;166022;Jiráskova;č.p.;177;;;50723;682142.63;1018824.91;2013-12-01T00:00:00
17446376;573108;Libáň;;;;;81671;Libáň;166146;Tyršova;č.p.;178;;;50723;681907.66;1018641.05;2013-12-01T00:00:00
17446384;573108;Libáň;;;;;81671;Libáň;165964;T. G. Masaryka;č.p.;179;;;50723;682279.09;1018691.85;2013-12-01T00:00:00
17446392;573108;Libáň;;;;;81671;Libáň;165964;T. G. Masaryka;č.p.;181;;;50723;682304.43;1018697.82;2013-12-01T00:00:00
17446406;573108;Libáň;;;;;81671;Libáň;166120;Jičínská;č.p.;182;;;50723;682485.91;1018560.96;2013-12-01T00:00:00
17446414;573108;Libáň;;;;;81671;Libáň;166120;Jičínská;č.p.;184;;;50723;682435.82;1018535.88;2015-01-08T00:00:00
17446422;573108;Libáň;;;;;81671;Libáň;165999;Českých bratří;č.p.;185;;;50723;682538.05;1018598.56;2013-12-01T00:00:00
17446449;573108;Libáň;;;;;81671;Libáň;166057;Lindnerova;č.p.;187;;;50723;682466.40;1019008.12;2013-12-01T00:00:00
17446457;573108;Libáň;;;;;81671;Libáň;166014;Emlerova;č.p.;188;;;50723;682325.89;1018878.16;2015-01-07T00:00:00
17446465;573108;Libáň;;;;;81671;Libáň;166014;Emlerova;č.p.;189;;;50723;682352.69;1018912.31;2013-12-01T00:00:00
17446473;573108;Libáň;;;;;81671;Libáň;166031;Školní;č.p.;190;;;50723;682257.84;1018729.10;2013-12-01T00:00:00
17446481;573108;Libáň;;;;;81671;Libáň;166120;Jičínská;č.p.;191;;;50723;682448.05;1018529.35;2013-12-01T00:00:00
17446503;573108;Libáň;;;;;81671;Libáň;166120;Jičínská;č.p.;193;;;50723;682468.99;1018573.38;2013-12-01T00:00:00
17446511;573108;Libáň;;;;;81671;Libáň;165999;Českých bratří;č.p.;194;;;50723;682520.22;1018653.52;2013-12-01T00:00:00
17446520;573108;Libáň;;;;;81671;Libáň;166049;Komenského;č.p.;195;;;50723;682121.25;1018556.35;2013-12-01T00:00:00
17446538;573108;Libáň;;;;;81671;Libáň;165999;Českých bratří;č.p.;196;;;50723;682520.00;1018672.43;2013-12-01T00:00:00
17446546;573108;Libáň;;;;;81671;Libáň;165964;T. G. Masaryka;č.p.;197;;;50723;682207.36;1018677.02;2013-12-01T00:00:00
17446554;573108;Libáň;;;;;81671;Libáň;165999;Českých bratří;č.p.;198;;;50723;682524.69;1018643.05;2013-12-01T00:00:00
17446562;573108;Libáň;;;;;81671;Libáň;166120;Jičínská;č.p.;199;;;50723;682482.29;1018479.47;2013-12-01T00:00:00
17446571;573108;Libáň;;;;;81671;Libáň;165999;Českých bratří;č.p.;200;;;50723;682549.45;1018583.24;2013-12-01T00:00:00
17446589;573108;Libáň;;;;;81671;Libáň;165999;Českých bratří;č.p.;201;;;50723;682555.97;1018551.29;2013-12-01T00:00:00
17446597;573108;Libáň;;;;;81671;Libáň;165999;Českých bratří;č.p.;202;;;50723;682565.38;1018537.39;2013-12-01T00:00:00
17446601;573108;Libáň;;;;;81671;Libáň;166049;Komenského;č.p.;204;;;50723;682040.73;1018532.52;2013-12-01T00:00:00
17446619;573108;Libáň;;;;;81671;Libáň;166120;Jičínská;č.p.;205;;;50723;682483.26;1018488.18;2013-12-01T00:00:00
17446627;573108;Libáň;;;;;81671;Libáň;165999;Českých bratří;č.p.;206;;;50723;682501.36;1018648.79;2013-12-01T00:00:00
17446635;573108;Libáň;;;;;81671;Libáň;166022;Jiráskova;č.p.;207;;;50723;682066.00;1018989.72;2015-01-07T00:00:00
17446643;573108;Libáň;;;;;81671;Libáň;166138;Smutná;č.p.;208;;;50723;682516.93;1018851.16;2013-12-01T00:00:00
17446660;573108;Libáň;;;;;81671;Libáň;166049;Komenského;č.p.;211;;;50723;682184.02;1018572.00;2013-12-01T00:00:00
17446678;573108;Libáň;;;;;81671;Libáň;166049;Komenského;č.p.;212;;;50723;682189.76;1018585.34;2013-12-01T00:00:00
17446686;573108;Libáň;;;;;81671;Libáň;166120;Jičínská;č.p.;213;;;50723;682421.91;1018558.76;2015-01-08T00:00:00
17446694;573108;Libáň;;;;;81671;Libáň;166014;Emlerova;č.p.;216;;;50723;682361.73;1018894.35;2013-12-01T00:00:00
17446708;573108;Libáň;;;;;81671;Libáň;165964;T. G. Masaryka;č.p.;217;;;50723;682180.12;1018712.56;2013-12-01T00:00:00
17446724;573108;Libáň;;;;;81671;Libáň;166057;Lindnerova;č.p.;219;;;50723;682445.39;1018936.31;2013-12-01T00:00:00
17446732;573108;Libáň;;;;;81671;Libáň;166014;Emlerova;č.p.;220;;;50723;682284.24;1019029.78;2013-12-01T00:00:00
17446741;573108;Libáň;;;;;81671;Libáň;165999;Českých bratří;č.p.;222;;;50723;682540.94;1018525.45;2013-12-01T00:00:00
17446759;573108;Libáň;;;;;81671;Libáň;165999;Českých bratří;č.p.;223;;;50723;682545.86;1018512.92;2013-12-01T00:00:00
17446767;573108;Libáň;;;;;81671;Libáň;165999;Českých bratří;č.p.;224;;;50723;682549.63;1018502.28;2013-12-01T00:00:00
17446775;573108;Libáň;;;;;81671;Libáň;165999;Českých bratří;č.p.;225;;;50723;682550.70;1018491.31;2013-12-01T00:00:00
17446783;573108;Libáň;;;;;81671;Libáň;165999;Českých bratří;č.p.;226;;;50723;682555.29;1018479.60;2014-02-03T00:00:00
17446791;573108;Libáň;;;;;81671;Libáň;165999;Českých bratří;č.p.;227;;;50723;682689.48;1018394.08;2013-12-01T00:00:00
17446805;573108;Libáň;;;;;81671;Libáň;166065;Míru;č.p.;229;;;50723;682547.35;1018437.73;2013-12-01T00:00:00
17446813;573108;Libáň;;;;;81671;Libáň;166065;Míru;č.p.;230;;;50723;682543.48;1018427.43;2013-12-01T00:00:00
17446821;573108;Libáň;;;;;81671;Libáň;166065;Míru;č.p.;231;;;50723;682534.74;1018409.21;2013-12-01T00:00:00
17446830;573108;Libáň;;;;;81671;Libáň;166065;Míru;č.p.;232;;;50723;682529.28;1018399.91;2013-12-01T00:00:00
17446848;573108;Libáň;;;;;81671;Libáň;166065;Míru;č.p.;233;;;50723;682522.49;1018379.59;2013-12-01T00:00:00
17446864;573108;Libáň;;;;;81671;Libáň;166014;Emlerova;č.p.;235;;;50723;682205.23;1019256.72;2013-12-01T00:00:00
17446872;573108;Libáň;;;;;81671;Libáň;166120;Jičínská;č.p.;236;;;50723;682480.42;1018421.43;2013-12-01T00:00:00
17446881;573108;Libáň;;;;;81671;Libáň;166120;Jičínská;č.p.;237;;;50723;682482.51;1018434.30;2013-12-01T00:00:00
17446899;573108;Libáň;;;;;81671;Libáň;166120;Jičínská;č.p.;238;;;50723;682480.70;1018447.07;2013-12-01T00:00:00
17446902;573108;Libáň;;;;;81671;Libáň;165999;Českých bratří;č.p.;239;;;50723;682588.11;1018476.74;2013-12-01T00:00:00
17446911;573108;Libáň;;;;;81671;Libáň;165999;Českých bratří;č.p.;240;;;50723;682713.17;1018340.14;2013-12-01T00:00:00
17446929;573108;Libáň;;;;;81671;Libáň;166022;Jiráskova;č.p.;241;;;50723;682138.51;1018865.24;2013-12-01T00:00:00
17446937;573108;Libáň;;;;;81671;Libáň;166022;Jiráskova;č.p.;242;;;50723;682151.01;1018844.59;2013-12-01T00:00:00
17446945;573108;Libáň;;;;;81671;Libáň;165964;T. G. Masaryka;č.p.;243;;;50723;682169.64;1018685.88;2013-12-01T00:00:00
17446953;573108;Libáň;;;;;81671;Libáň;166049;Komenského;č.p.;244;;;50723;682258.19;1018564.13;2015-01-08T00:00:00
17446961;573108;Libáň;;;;;81671;Libáň;166022;Jiráskova;č.p.;246;;;50723;682153.61;1018943.91;2015-01-07T00:00:00
17446970;573108;Libáň;;;;;81671;Libáň;166014;Emlerova;č.p.;247;;;50723;682209.02;1019196.95;2013-12-01T00:00:00
17446988;573108;Libáň;;;;;81671;Libáň;165964;T. G. Masaryka;č.p.;248;;;50723;682257.71;1018692.50;2013-12-01T00:00:00
17446996;573108;Libáň;;;;;81671;Libáň;165964;T. G. Masaryka;č.p.;249;;;50723;682267.63;1018691.82;2013-12-01T00:00:00
17447003;573108;Libáň;;;;;81671;Libáň;166057;Lindnerova;č.p.;250;;;50723;682457.86;1018973.90;2013-12-01T00:00:00
17447011;573108;Libáň;;;;;81671;Libáň;166065;Míru;č.p.;251;;;50723;682573.62;1018442.59;2013-12-01T00:00:00
17447038;573108;Libáň;;;;;81671;Libáň;165981;Cukrovar;č.p.;253;;;50723;681730.37;1018767.74;2015-01-07T00:00:00
17447046;573108;Libáň;;;;;81671;Libáň;166022;Jiráskova;č.p.;254;;;50723;682149.06;1018835.31;2013-12-01T00:00:00
17447054;573108;Libáň;;;;;81671;Libáň;166022;Jiráskova;č.p.;255;;;50723;682163.88;1018916.68;2013-12-01T00:00:00
17447062;573108;Libáň;;;;;81671;Libáň;166022;Jiráskova;č.p.;256;;;50723;682172.89;1018933.15;2013-12-01T00:00:00
17447071;573108;Libáň;;;;;81671;Libáň;165999;Českých bratří;č.p.;257;;;50723;682551.86;1018562.56;2013-12-01T00:00:00
17447089;573108;Libáň;;;;;81671;Libáň;165964;T. G. Masaryka;č.p.;258;;;50723;682234.01;1018696.41;2013-12-01T00:00:00
17447097;573108;Libáň;;;;;81671;Libáň;165999;Českých bratří;č.p.;259;;;50723;682566.67;1018724.09;2013-12-01T00:00:00
17447101;573108;Libáň;;;;;81671;Libáň;166014;Emlerova;č.p.;260;;;50723;682323.89;1018852.98;2015-01-07T00:00:00
17447119;573108;Libáň;;;;;81671;Libáň;165999;Českých bratří;č.p.;261;;;50723;682484.84;1018675.03;2013-12-01T00:00:00
17447127;573108;Libáň;;;;;81671;Libáň;165999;Českých bratří;č.p.;262;;;50723;682492.45;1018707.46;2013-12-01T00:00:00
17447135;573108;Libáň;;;;;81671;Libáň;165964;T. G. Masaryka;č.p.;263;;;50723;682197.97;1018678.98;2013-12-01T00:00:00
17447143;573108;Libáň;;;;;81671;Libáň;166120;Jičínská;č.p.;264;;;50723;682489.00;1018523.82;2013-12-01T00:00:00
17447151;573108;Libáň;;;;;81671;Libáň;166022;Jiráskova;č.p.;265;;;50723;682167.45;1018924.85;2013-12-01T00:00:00
17447160;573108;Libáň;;;;;81671;Libáň;166022;Jiráskova;č.p.;266;;;50723;682100.49;1018893.79;2015-01-07T00:00:00
17447178;573108;Libáň;;;;;81671;Libáň;166120;Jičínská;č.p.;267;;;50723;682456.93;1018461.48;2013-12-01T00:00:00
17447186;573108;Libáň;;;;;81671;Libáň;166014;Emlerova;č.p.;268;;;50723;682282.71;1018978.75;2013-12-01T00:00:00
17447194;573108;Libáň;;;;;81671;Libáň;166014;Emlerova;č.p.;269;;;50723;682318.09;1018937.45;2013-12-01T00:00:00
17447208;573108;Libáň;;;;;81671;Libáň;165981;Cukrovar;č.p.;270;;;50723;681654.28;1018770.99;2015-01-07T00:00:00
17447216;573108;Libáň;;;;;81671;Libáň;165981;Cukrovar;č.p.;271;;;50723;681775.89;1018702.80;2015-01-07T00:00:00
17447224;573108;Libáň;;;;;81671;Libáň;166022;Jiráskova;č.p.;272;;;50723;682150.02;1018887.60;2013-12-01T00:00:00
17447232;573108;Libáň;;;;;81671;Libáň;166014;Emlerova;č.p.;273;;;50723;682333.97;1018920.83;2013-12-01T00:00:00
17447241;573108;Libáň;;;;;81671;Libáň;166014;Emlerova;č.p.;274;;;50723;682310.29;1018944.82;2013-12-01T00:00:00
17447259;573108;Libáň;;;;;81671;Libáň;165964;T. G. Masaryka;č.p.;275;;;50723;682171.92;1018714.39;2013-12-01T00:00:00
17447267;573108;Libáň;;;;;81671;Libáň;166073;Na Horách;č.p.;276;;;50723;680990.04;1018286.57;2013-12-01T00:00:00
17447283;573108;Libáň;;;;;81671;Libáň;166014;Emlerova;č.p.;278;;;50723;682323.77;1018931.87;2013-12-01T00:00:00
17447291;573108;Libáň;;;;;81671;Libáň;166014;Emlerova;č.p.;279;;;50723;682353.04;1018871.10;2013-12-01T00:00:00
17447305;573108;Libáň;;;;;81671;Libáň;166120;Jičínská;č.p.;280;;;50723;682489.09;1018594.96;2013-12-01T00:00:00
17447313;573108;Libáň;;;;;81671;Libáň;166120;Jičínská;č.p.;281;;;50723;682488.60;1018623.52;2013-12-01T00:00:00
17447321;573108;Libáň;;;;;81671;Libáň;166057;Lindnerova;č.p.;282;;;50723;682463.08;1018993.36;2013-12-01T00:00:00
17447330;573108;Libáň;;;;;81671;Libáň;165981;Cukrovar;č.p.;283;;;50723;681572.86;1018834.49;2015-01-07T00:00:00
17447348;573108;Libáň;;;;;81671;Libáň;166022;Jiráskova;č.p.;284;;;50723;682113.91;1018836.20;2013-12-01T00:00:00
17447356;573108;Libáň;;;;;81671;Libáň;166057;Lindnerova;č.p.;285;;;50723;682459.16;1018909.25;2013-12-01T00:00:00
17447364;573108;Libáň;;;;;81671;Libáň;165999;Českých bratří;č.p.;286;;;50723;682508.10;1018641.92;2013-12-01T00:00:00
17447372;573108;Libáň;;;;;81671;Libáň;166065;Míru;č.p.;287;;;50723;682561.24;1018415.75;2013-12-01T00:00:00
17447381;573108;Libáň;;;;;81671;Libáň;166014;Emlerova;č.p.;288;;;50723;682388.44;1018848.70;2013-12-01T00:00:00
17447399;573108;Libáň;;;;;81671;Libáň;166014;Emlerova;č.p.;289;;;50723;682374.64;1018863.29;2013-12-01T00:00:00
17447402;573108;Libáň;;;;;81671;Libáň;166103;Na Ženichově;č.p.;290;;;50723;682044.73;1018679.76;2015-01-07T00:00:00
17447411;573108;Libáň;;;;;81671;Libáň;166014;Emlerova;č.p.;291;;;50723;682350.27;1018818.17;2015-01-07T00:00:00
17447429;573108;Libáň;;;;;81671;Libáň;166014;Emlerova;č.p.;292;;;50723;682295.67;1018963.03;2013-12-01T00:00:00
17447437;573108;Libáň;;;;;81671;Libáň;166111;náměstí Svobody;č.p.;293;;;50723;682434.13;1018632.86;2016-03-24T00:00:00
17447445;573108;Libáň;;;;;81671;Libáň;165981;Cukrovar;č.p.;294;;;50723;681715.48;1018707.57;2015-01-07T00:00:00
17447453;573108;Libáň;;;;;81671;Libáň;166120;Jičínská;č.p.;295;;;50723;682408.46;1018538.31;2015-01-08T00:00:00
17447461;573108;Libáň;;;;;81671;Libáň;166014;Emlerova;č.p.;296;;;50723;682240.66;1019003.80;2013-12-01T00:00:00
17447470;573108;Libáň;;;;;81671;Libáň;166120;Jičínská;č.p.;297;;;50723;682468.83;1018625.01;2013-12-01T00:00:00
17447488;573108;Libáň;;;;;81671;Libáň;166022;Jiráskova;č.p.;298;;;50723;682167.48;1018876.16;2013-12-01T00:00:00
17447496;573108;Libáň;;;;;81671;Libáň;166022;Jiráskova;č.p.;299;;;50723;682182.77;1018904.34;2013-12-01T00:00:00
17447500;573108;Libáň;;;;;81671;Libáň;166057;Lindnerova;č.p.;300;;;50723;682473.38;1019036.26;2013-12-01T00:00:00
17447518;573108;Libáň;;;;;81671;Libáň;166065;Míru;č.ev.;5;;;50723;682569.70;1018433.43;2013-12-01T00:00:00
17447526;573108;Libáň;;;;;81671;Libáň;166014;Emlerova;č.p.;302;;;50723;682287.78;1018969.27;2013-12-01T00:00:00
17447534;573108;Libáň;;;;;81671;Libáň;166049;Komenského;č.p.;303;;;50723;682099.82;1018525.91;2013-12-01T00:00:00
17447542;573108;Libáň;;;;;81671;Libáň;166014;Emlerova;č.p.;304;;;50723;682384.04;1019033.14;2015-01-06T00:00:00
17447551;573108;Libáň;;;;;81671;Libáň;166065;Míru;č.p.;305;;;50723;682562.59;1018425.24;2013-12-01T00:00:00
17447569;573108;Libáň;;;;;81671;Libáň;166065;Míru;č.p.;306;;;50723;682548.66;1018390.00;2013-12-01T00:00:00
17447577;573108;Libáň;;;;;81671;Libáň;166031;Školní;č.p.;308;;;50723;682312.97;1018909.88;2015-01-08T00:00:00
17447585;573108;Libáň;;;;;81671;Libáň;166057;Lindnerova;č.p.;309;;;50723;682492.19;1019010.69;2013-12-01T00:00:00
17447593;573108;Libáň;;;;;81671;Libáň;165999;Českých bratří;č.p.;310;;;50723;682597.21;1018438.51;2013-12-01T00:00:00
17447607;573108;Libáň;;;;;81671;Libáň;166014;Emlerova;č.p.;311;;;50723;682234.38;1019086.16;2013-12-01T00:00:00
17447615;573108;Libáň;;;;;81671;Libáň;166057;Lindnerova;č.p.;312;;;50723;682487.78;1018996.13;2013-12-01T00:00:00
17447623;573108;Libáň;;;;;81671;Libáň;165999;Českých bratří;č.p.;313;;;50723;682571.13;1018523.56;2013-12-01T00:00:00
17447631;573108;Libáň;;;;;81671;Libáň;166057;Lindnerova;č.p.;314;;;50723;682495.65;1019028.79;2013-12-01T00:00:00
17447640;573108;Libáň;;;;;81671;Libáň;166057;Lindnerova;č.p.;315;;;50723;682502.27;1019041.25;2013-12-01T00:00:00
17447658;573108;Libáň;;;;;81671;Libáň;166065;Míru;č.p.;316;;;50723;682513.54;1018232.10;2013-12-01T00:00:00
17447666;573108;Libáň;;;;;81671;Libáň;166065;Míru;č.p.;317;;;50723;682516.93;1018248.93;2013-12-01T00:00:00
17447674;573108;Libáň;;;;;81671;Libáň;166065;Míru;č.p.;318;;;50723;682493.85;1018186.57;2013-12-01T00:00:00
17447682;573108;Libáň;;;;;81671;Libáň;166049;Komenského;č.p.;319;;;50723;682081.00;1018519.92;2013-12-01T00:00:00
17447691;573108;Libáň;;;;;81671;Libáň;165999;Českých bratří;č.p.;320;;;50723;682598.77;1018466.79;2013-12-01T00:00:00
17447704;573108;Libáň;;;;;81671;Libáň;166049;Komenského;č.p.;321;;;50723;682067.67;1018515.44;2013-12-01T00:00:00
17447712;573108;Libáň;;;;;81671;Libáň;166014;Emlerova;č.p.;322;;;50723;682205.34;1019211.10;2013-12-01T00:00:00
17447721;573108;Libáň;;;;;81671;Libáň;166031;Školní;č.p.;324;;;50723;682303.25;1018884.63;2013-12-01T00:00:00
17447739;573108;Libáň;;;;;81671;Libáň;166049;Komenského;č.p.;325;;;50723;682057.30;1018511.51;2013-12-01T00:00:00
17447747;573108;Libáň;;;;;81671;Libáň;166014;Emlerova;č.p.;326;;;50723;682209.00;1019222.88;2013-12-01T00:00:00
17447755;573108;Libáň;;;;;81671;Libáň;166073;Na Horách;č.p.;327;;;50723;680909.54;1018253.36;2013-12-01T00:00:00
17447771;573108;Libáň;;;;;81671;Libáň;166057;Lindnerova;č.p.;329;;;50723;682504.96;1019052.60;2013-12-01T00:00:00
17447780;573108;Libáň;;;;;81671;Libáň;166049;Komenského;č.p.;330;;;50723;682043.41;1018506.14;2013-12-01T00:00:00
17447798;573108;Libáň;;;;;81671;Libáň;165999;Českých bratří;č.p.;331;;;50723;682612.20;1018422.87;2013-12-01T00:00:00
17447801;573108;Libáň;;;;;81671;Libáň;166057;Lindnerova;č.p.;332;;;50723;682462.04;1018986.14;2013-12-01T00:00:00
17447810;573108;Libáň;;;;;81671;Libáň;166057;Lindnerova;č.p.;333;;;50723;682450.14;1018954.95;2013-12-01T00:00:00
17447828;573108;Libáň;;;;;81671;Libáň;165999;Českých bratří;č.p.;334;;;50723;682621.92;1018416.00;2013-12-01T00:00:00
17447836;573108;Libáň;;;;;81671;Libáň;166103;Na Ženichově;č.p.;335;;;50723;682055.80;1018554.36;2013-12-01T00:00:00
17447844;573108;Libáň;;;;;81671;Libáň;166103;Na Ženichově;č.p.;336;;;50723;682050.90;1018565.98;2013-12-01T00:00:00
17447852;573108;Libáň;;;;;81671;Libáň;166014;Emlerova;č.p.;337;;;50723;682200.29;1019092.85;2013-12-01T00:00:00
17447861;573108;Libáň;;;;;81671;Libáň;166049;Komenského;č.p.;338;;;50723;682118.39;1018521.44;2013-12-01T00:00:00
17447879;573108;Libáň;;;;;81671;Libáň;165999;Českých bratří;č.p.;339;;;50723;682632.58;1018408.19;2013-12-01T00:00:00
17447887;573108;Libáň;;;;;81671;Libáň;166057;Lindnerova;č.p.;340;;;50723;682509.70;1019066.36;2013-12-01T00:00:00
17447895;573108;Libáň;;;;;81671;Libáň;165981;Cukrovar;č.p.;341;;;50723;681820.39;1018684.68;2015-01-07T00:00:00
17447909;573108;Libáň;;;;;81671;Libáň;165981;Cukrovar;č.p.;342;;;50723;681836.00;1018661.02;2015-01-07T00:00:00
17447917;573108;Libáň;;;;;81671;Libáň;165972;Boženy Němcové;č.p.;343;;;50723;682100.69;1018594.67;2013-12-01T00:00:00
17447925;573108;Libáň;;;;;81671;Libáň;166014;Emlerova;č.p.;344;;;50723;682276.49;1018951.18;2013-12-01T00:00:00
17447933;573108;Libáň;;;;;81671;Libáň;166057;Lindnerova;č.p.;345;;;50723;682480.00;1019048.73;2013-12-01T00:00:00
17447941;573108;Libáň;;;;;81671;Libáň;166057;Lindnerova;č.p.;346;;;50723;682486.89;1019075.77;2013-12-01T00:00:00
17447950;573108;Libáň;;;;;81671;Libáň;165999;Českých bratří;č.p.;347;;;50723;682625.39;1018444.97;2013-12-01T00:00:00
17447968;573108;Libáň;;;;;81671;Libáň;165999;Českých bratří;č.p.;348;;;50723;682637.42;1018435.52;2013-12-01T00:00:00
17447976;573108;Libáň;;;;;81671;Libáň;165999;Českých bratří;č.p.;349;;;50723;682611.32;1018456.99;2013-12-01T00:00:00
17447984;573108;Libáň;;;;;81671;Libáň;165999;Českých bratří;č.p.;350;;;50723;682619.45;1018451.23;2013-12-01T00:00:00
17447992;573108;Libáň;;;;;81671;Libáň;166057;Lindnerova;č.p.;351;;;50723;682493.00;1019092.74;2013-12-01T00:00:00
17448000;573108;Libáň;;;;;81671;Libáň;165999;Českých bratří;č.p.;352;;;50723;682651.95;1018425.06;2013-12-01T00:00:00
17448018;573108;Libáň;;;;;81671;Libáň;166057;Lindnerova;č.p.;353;;;50723;682628.96;1019425.31;2013-12-01T00:00:00
17448026;573108;Libáň;;;;;81671;Libáň;166049;Komenského;č.p.;354;;;50723;681973.21;1018484.83;2013-12-01T00:00:00
17448034;573108;Libáň;;;;;81671;Libáň;165999;Českých bratří;č.p.;355;;;50723;682657.87;1018385.72;2013-12-01T00:00:00
17448042;573108;Libáň;;;;;81671;Libáň;165999;Českých bratří;č.p.;356;;;50723;682670.40;1018410.58;2013-12-01T00:00:00
17448051;573108;Libáň;;;;;81671;Libáň;166049;Komenského;č.p.;357;;;50723;681993.37;1018517.54;2013-12-01T00:00:00
17448077;573108;Libáň;;;;;81671;Libáň;166120;Jičínská;č.p.;359;;;50723;682450.22;1018320.34;2013-12-01T00:00:00
17448085;573108;Libáň;;;;;81671;Libáň;166073;Na Horách;č.p.;360;;;50723;680913.26;1018317.93;2013-12-01T00:00:00
17448093;573108;Libáň;;;;;81671;Libáň;166049;Komenského;č.p.;361;;;50723;681948.38;1018477.49;2013-12-01T00:00:00
17448107;573108;Libáň;;;;;81671;Libáň;166103;Na Ženichově;č.p.;362;;;50723;682005.40;1018703.30;2013-12-01T00:00:00
17448115;573108;Libáň;;;;;81671;Libáň;165999;Českých bratří;č.p.;363;;;50723;682631.34;1018440.18;2013-12-01T00:00:00
17448123;573108;Libáň;;;;;81671;Libáň;166049;Komenského;č.p.;364;;;50723;681936.98;1018475.09;2013-12-01T00:00:00
17448131;573108;Libáň;;;;;81671;Libáň;166103;Na Ženichově;č.p.;365;;;50723;682011.69;1018684.26;2013-12-01T00:00:00
17448140;573108;Libáň;;;;;81671;Libáň;166103;Na Ženichově;č.p.;366;;;50723;682062.86;1018643.35;2015-01-07T00:00:00
17448158;573108;Libáň;;;;;81671;Libáň;166022;Jiráskova;č.p.;367;;;50723;682158.33;1018906.88;2013-12-01T00:00:00
17448166;573108;Libáň;;;;;81671;Libáň;166057;Lindnerova;č.p.;368;;;50723;682478.23;1018971.35;2013-12-01T00:00:00
17448174;573108;Libáň;;;;;81671;Libáň;166049;Komenského;č.p.;369;;;50723;681908.71;1018464.68;2013-12-01T00:00:00
17448182;573108;Libáň;;;;;81671;Libáň;166081;Na Samotě;č.p.;370;;;50723;683409.18;1017817.80;2013-12-01T00:00:00
17448191;573108;Libáň;;;;;81671;Libáň;166031;Školní;č.p.;371;;;50723;682289.53;1018839.58;2013-12-01T00:00:00
17448204;573108;Libáň;;;;;81671;Libáň;166049;Komenského;č.p.;372;;;50723;681918.50;1018467.13;2013-12-01T00:00:00
17448212;573108;Libáň;;;;;81671;Libáň;166146;Tyršova;č.p.;373;;;50723;681950.93;1018707.65;2013-12-01T00:00:00
17448221;573108;Libáň;;;;;81671;Libáň;166146;Tyršova;č.p.;374;;;50723;681933.78;1018706.48;2013-12-01T00:00:00
17448239;573108;Libáň;;;;;81671;Libáň;166146;Tyršova;č.p.;375;;;50723;681924.48;1018706.30;2013-12-01T00:00:00
17448247;573108;Libáň;;;;;81671;Libáň;166146;Tyršova;č.p.;376;;;50723;681909.78;1018705.76;2013-12-01T00:00:00
17448255;573108;Libáň;;;;;81671;Libáň;166146;Tyršova;č.p.;377;;;50723;681900.65;1018705.38;2013-12-01T00:00:00
17448263;573108;Libáň;;;;;81671;Libáň;166146;Tyršova;č.p.;378;;;50723;681885.44;1018704.22;2013-12-01T00:00:00
17448271;573108;Libáň;;;;;81671;Libáň;166146;Tyršova;č.p.;379;;;50723;681876.81;1018704.15;2013-12-01T00:00:00
17448280;573108;Libáň;;;;;81671;Libáň;166146;Tyršova;č.p.;380;;;50723;681859.83;1018703.75;2013-12-01T00:00:00
17448298;573108;Libáň;;;;;81671;Libáň;166103;Na Ženichově;č.p.;381;;;50723;681958.92;1018632.65;2013-12-01T00:00:00
17448301;573108;Libáň;;;;;81671;Libáň;166031;Školní;č.p.;382;;;50723;682282.20;1018818.09;2013-12-01T00:00:00
17448310;573108;Libáň;;;;;81671;Libáň;166049;Komenského;č.p.;383;;;50723;681960.09;1018523.83;2013-12-01T00:00:00
17448328;573108;Libáň;;;;;81671;Libáň;165981;Cukrovar;č.p.;384;;;50723;681745.29;1018577.89;2015-01-07T00:00:00
17448336;573108;Libáň;;;;;81671;Libáň;166049;Komenského;č.p.;385;;;50723;682059.13;1018537.11;2013-12-01T00:00:00
17448344;573108;Libáň;;;;;81671;Libáň;166103;Na Ženichově;č.p.;386;;;50723;681930.29;1018567.85;2013-12-01T00:00:00
17448352;573108;Libáň;;;;;81671;Libáň;166031;Školní;č.p.;387;;;50723;682277.23;1018877.47;2013-12-01T00:00:00
17448361;573108;Libáň;;;;;81671;Libáň;166103;Na Ženichově;č.p.;388;;;50723;681977.87;1018655.95;2013-12-01T00:00:00
17448379;573108;Libáň;;;;;81671;Libáň;166049;Komenského;č.p.;389;;;50723;681858.37;1018444.48;2013-12-01T00:00:00
17448387;573108;Libáň;;;;;81671;Libáň;166006;Dukelská;č.p.;390;;;50723;681995.39;1018766.82;2013-12-01T00:00:00
17448409;573108;Libáň;;;;;81671;Libáň;166073;Na Horách;č.p.;392;;;50723;680792.11;1018333.67;2013-12-01T00:00:00
17448417;573108;Libáň;;;;;81671;Libáň;166057;Lindnerova;č.p.;393;;;50723;682501.69;1019141.51;2013-12-01T00:00:00
17448425;573108;Libáň;;;;;81671;Libáň;165964;T. G. Masaryka;č.p.;394;;;50723;682139.75;1018727.17;2013-12-01T00:00:00
17448433;573108;Libáň;;;;;81671;Libáň;166057;Lindnerova;č.p.;395;;;50723;682376.54;1018829.96;2015-01-07T00:00:00
17448441;573108;Libáň;;;;;81671;Libáň;166006;Dukelská;č.p.;396;;;50723;681775.86;1018833.98;2013-12-01T00:00:00
17448450;573108;Libáň;;;;;81671;Libáň;166006;Dukelská;č.p.;397;;;50723;681788.51;1018822.99;2013-12-01T00:00:00
17448468;573108;Libáň;;;;;81671;Libáň;166006;Dukelská;č.p.;398;;;50723;681802.85;1018811.16;2013-12-01T00:00:00
17448476;573108;Libáň;;;;;81671;Libáň;166006;Dukelská;č.p.;399;;;50723;681978.88;1018817.77;2013-12-01T00:00:00
17448484;573108;Libáň;;;;;81671;Libáň;165981;Cukrovar;č.p.;400;;;50723;681758.57;1018767.53;2015-01-07T00:00:00
17448492;573108;Libáň;;;;;81671;Libáň;166103;Na Ženichově;č.p.;401;;;50723;681952.13;1018617.09;2013-12-01T00:00:00
17448506;573108;Libáň;;;;;81671;Libáň;166103;Na Ženichově;č.p.;402;;;50723;681945.02;1018599.49;2013-12-01T00:00:00
17448514;573108;Libáň;;;;;81671;Libáň;166103;Na Ženichově;č.p.;403;;;50723;682035.02;1018617.29;2013-12-01T00:00:00
17448522;573108;Libáň;;;;;81671;Libáň;166103;Na Ženichově;č.p.;404;;;50723;682039.39;1018604.63;2013-12-01T00:00:00
17448531;573108;Libáň;;;;;81671;Libáň;166103;Na Ženichově;č.p.;405;;;50723;682043.03;1018591.85;2013-12-01T00:00:00
17448549;573108;Libáň;;;;;81671;Libáň;166049;Komenského;č.p.;406;;;50723;682023.92;1018501.47;2013-12-01T00:00:00
17448557;573108;Libáň;;;;;81671;Libáň;166103;Na Ženichově;č.p.;407;;;50723;681938.56;1018583.76;2013-12-01T00:00:00
17448565;573108;Libáň;;;;;81671;Libáň;166146;Tyršova;č.p.;408;;;50723;681884.58;1018634.40;2013-12-01T00:00:00
17448573;573108;Libáň;;;;;81671;Libáň;166049;Komenského;č.p.;409;;;50723;681782.75;1018344.73;2015-01-08T00:00:00
17448581;573108;Libáň;;;;;81671;Libáň;166057;Lindnerova;č.p.;410;;;50723;682482.42;1019061.02;2013-12-01T00:00:00
17448590;573108;Libáň;;;;;81671;Libáň;166146;Tyršova;č.p.;411;;;50723;681871.14;1018664.34;2013-12-01T00:00:00
17448603;573108;Libáň;;;;;81671;Libáň;166049;Komenského;č.p.;412;;;50723;681815.93;1018416.88;2013-12-01T00:00:00
17448611;573108;Libáň;;;;;81671;Libáň;166031;Školní;č.p.;413;;;50723;682263.72;1018850.20;2013-12-01T00:00:00
17448620;573108;Libáň;;;;;81671;Libáň;166031;Školní;č.p.;414;;;50723;682272.80;1018867.13;2013-12-01T00:00:00
17448638;573108;Libáň;;;;;81671;Libáň;166057;Lindnerova;č.p.;415;;;50723;682524.62;1019107.73;2013-12-01T00:00:00
17448646;573108;Libáň;;;;;81671;Libáň;166073;Na Horách;č.p.;416;;;50723;681082.81;1018371.50;2015-01-07T00:00:00
17448654;573108;Libáň;;;;;81671;Libáň;166022;Jiráskova;č.p.;417;;;50723;682176.73;1018894.33;2013-12-01T00:00:00
17448662;573108;Libáň;;;;;81671;Libáň;166006;Dukelská;č.p.;419;;;50723;681787.44;1018869.34;2013-12-01T00:00:00
17448671;573108;Libáň;;;;;81671;Libáň;165999;Českých bratří;č.p.;420;;;50723;682702.45;1018383.65;2013-12-01T00:00:00
17448689;573108;Libáň;;;;;81671;Libáň;165999;Českých bratří;č.p.;421;;;50723;682707.97;1018380.23;2013-12-01T00:00:00
17448697;573108;Libáň;;;;;81671;Libáň;166103;Na Ženichově;č.p.;422;;;50723;682045.30;1018578.07;2013-12-01T00:00:00
17448701;573108;Libáň;;;;;81671;Libáň;166103;Na Ženichově;č.p.;423;;;50723;682045.53;1018585.50;2013-12-01T00:00:00
17448719;573108;Libáň;;;;;81671;Libáň;165999;Českých bratří;č.p.;424;;;50723;682672.40;1018375.87;2013-12-01T00:00:00
17448727;573108;Libáň;;;;;81671;Libáň;165999;Českých bratří;č.p.;425;;;50723;682681.08;1018370.13;2013-12-01T00:00:00
17448735;573108;Libáň;;;;;81671;Libáň;165999;Českých bratří;č.p.;426;;;50723;682720.32;1018368.68;2013-12-01T00:00:00
17448743;573108;Libáň;;;;;81671;Libáň;165999;Českých bratří;č.p.;427;;;50723;682726.83;1018363.46;2013-12-01T00:00:00
17448751;573108;Libáň;;;;;81671;Libáň;166065;Míru;č.p.;428;;;50723;682526.39;1018392.02;2013-12-01T00:00:00
17448760;573108;Libáň;;;;;81671;Libáň;166014;Emlerova;č.p.;430;;;50723;682328.61;1018927.28;2013-12-01T00:00:00
17448778;573108;Libáň;;;;;81671;Libáň;166057;Lindnerova;č.p.;431;;;50723;682540.51;1019166.35;2013-12-01T00:00:00
17448786;573108;Libáň;;;;;81671;Libáň;166057;Lindnerova;č.p.;432;;;50723;682542.53;1019173.46;2013-12-01T00:00:00
17448794;573108;Libáň;;;;;81671;Libáň;166057;Lindnerova;č.p.;433;;;50723;682538.48;1019137.57;2013-12-01T00:00:00
17448808;573108;Libáň;;;;;81671;Libáň;166065;Míru;č.p.;434;;;50723;682513.06;1018356.69;2013-12-01T00:00:00
17448816;573108;Libáň;;;;;81671;Libáň;166146;Tyršova;č.p.;435;;;50723;681940.64;1018668.74;2013-12-01T00:00:00
17448824;573108;Libáň;;;;;81671;Libáň;166146;Tyršova;č.p.;436;;;50723;681936.58;1018660.07;2013-12-01T00:00:00
17448832;573108;Libáň;;;;;81671;Libáň;166065;Míru;č.p.;437;;;50723;682508.55;1018337.25;2013-12-01T00:00:00
17448841;573108;Libáň;;;;;81671;Libáň;165999;Českých bratří;č.p.;438;;;50723;682692.44;1018357.72;2013-12-01T00:00:00
17448859;573108;Libáň;;;;;81671;Libáň;165999;Českých bratří;č.p.;439;;;50723;682699.74;1018352.25;2013-12-01T00:00:00
17448867;573108;Libáň;;;;;81671;Libáň;166146;Tyršova;č.p.;440;;;50723;681822.70;1018727.35;2013-12-01T00:00:00
17448875;573108;Libáň;;;;;81671;Libáň;166146;Tyršova;č.p.;441;;;50723;681838.50;1018728.24;2013-12-01T00:00:00
17448883;573108;Libáň;;;;;81671;Libáň;166120;Jičínská;č.p.;442;;;50723;682466.46;1018157.26;2013-12-01T00:00:00
17448891;573108;Libáň;;;;;81671;Libáň;165999;Českých bratří;č.p.;443;;;50723;682650.04;1018393.68;2013-12-01T00:00:00
17448905;573108;Libáň;;;;;81671;Libáň;166006;Dukelská;č.p.;444;;;50723;681859.81;1018811.85;2013-12-01T00:00:00
17448913;573108;Libáň;;;;;81671;Libáň;166146;Tyršova;č.p.;445;;;50723;681855.99;1018730.16;2013-12-01T00:00:00
17448921;573108;Libáň;;;;;81671;Libáň;166146;Tyršova;č.p.;446;;;50723;681871.60;1018730.41;2013-12-01T00:00:00
17448930;573108;Libáň;;;;;81671;Libáň;166065;Míru;č.p.;447;;;50723;682503.30;1018309.30;2013-12-01T00:00:00
17448948;573108;Libáň;;;;;81671;Libáň;166006;Dukelská;č.p.;448;;;50723;681945.67;1018814.82;2013-12-01T00:00:00
17448956;573108;Libáň;;;;;81671;Libáň;166146;Tyršova;č.p.;449;;;50723;681889.32;1018731.70;2013-12-01T00:00:00
17448964;573108;Libáň;;;;;81671;Libáň;166146;Tyršova;č.p.;450;;;50723;681940.14;1018735.16;2013-12-01T00:00:00
17448972;573108;Libáň;;;;;81671;Libáň;166006;Dukelská;č.p.;451;;;50723;681954.13;1018788.47;2013-12-01T00:00:00
17448981;573108;Libáň;;;;;81671;Libáň;166006;Dukelská;č.p.;452;;;50723;681935.93;1018788.80;2013-12-01T00:00:00
17448999;573108;Libáň;;;;;81671;Libáň;166146;Tyršova;č.p.;453;;;50723;681917.23;1018734.50;2013-12-01T00:00:00
17449006;573108;Libáň;;;;;81671;Libáň;166146;Tyršova;č.p.;454;;;50723;681907.13;1018733.26;2013-12-01T00:00:00
17449014;573108;Libáň;;;;;81671;Libáň;166146;Tyršova;č.p.;455;;;50723;681965.32;1018738.72;2013-12-01T00:00:00
17449022;573108;Libáň;;;;;81671;Libáň;166006;Dukelská;č.p.;456;;;50723;681886.90;1018784.70;2013-12-01T00:00:00
17449031;573108;Libáň;;;;;81671;Libáň;166006;Dukelská;č.p.;457;;;50723;681919.71;1018781.11;2013-12-01T00:00:00
17449049;573108;Libáň;;;;;81671;Libáň;166006;Dukelská;č.p.;458;;;50723;681903.36;1018785.61;2013-12-01T00:00:00
17449057;573108;Libáň;;;;;81671;Libáň;166006;Dukelská;č.p.;459;;;50723;681869.67;1018783.03;2013-12-01T00:00:00
17449065;573108;Libáň;;;;;81671;Libáň;166057;Lindnerova;č.p.;460;;;50723;682518.06;1019090.36;2013-12-01T00:00:00
17449073;573108;Libáň;;;;;81671;Libáň;166057;Lindnerova;č.p.;461;;;50723;682550.86;1019191.79;2013-12-01T00:00:00
17449081;573108;Libáň;;;;;81671;Libáň;166057;Lindnerova;č.p.;462;;;50723;682553.36;1019200.51;2013-12-01T00:00:00
17449090;573108;Libáň;;;;;81671;Libáň;166006;Dukelská;č.p.;463;;;50723;681928.07;1018812.06;2013-12-01T00:00:00
17449103;573108;Libáň;;;;;81671;Libáň;166120;Jičínská;č.p.;464;;;50723;682474.90;1018281.89;2013-12-01T00:00:00
17449111;573108;Libáň;;;;;81671;Libáň;166103;Na Ženichově;č.p.;465;;;50723;682067.14;1018584.86;2013-12-01T00:00:00
17449120;573108;Libáň;;;;;81671;Libáň;166049;Komenského;č.p.;466;;;50723;682015.18;1018532.45;2013-12-01T00:00:00
17449138;573108;Libáň;;;;;81671;Libáň;166120;Jičínská;č.p.;467;;;50723;682473.92;1018215.47;2013-12-01T00:00:00
17449146;573108;Libáň;;;;;81671;Libáň;166006;Dukelská;č.p.;468;;;50723;681912.50;1018811.72;2013-12-01T00:00:00
17449154;573108;Libáň;;;;;81671;Libáň;166120;Jičínská;č.p.;469;;;50723;682453.16;1018428.77;2013-12-01T00:00:00
17449162;573108;Libáň;;;;;81671;Libáň;166022;Jiráskova;č.p.;470;;;50723;682158.27;1018858.33;2013-12-01T00:00:00
17449171;573108;Libáň;;;;;81671;Libáň;166022;Jiráskova;č.p.;471;;;50723;682161.55;1018865.94;2013-12-01T00:00:00
17449189;573108;Libáň;;;;;81671;Libáň;166049;Komenského;č.p.;472;;;50723;681924.36;1018506.63;2013-12-01T00:00:00
17449197;573108;Libáň;;;;;81671;Libáň;166057;Lindnerova;č.p.;473;;;50723;682561.00;1019220.70;2013-12-01T00:00:00
17449201;573108;Libáň;;;;;81671;Libáň;166006;Dukelská;č.p.;474;;;50723;681853.33;1018783.48;2013-12-01T00:00:00
17449219;573108;Libáň;;;;;81671;Libáň;166120;Jičínská;č.p.;475;;;50723;682475.46;1018233.94;2013-12-01T00:00:00
17449227;573108;Libáň;;;;;81671;Libáň;166006;Dukelská;č.p.;476;;;50723;681883.30;1018808.59;2013-12-01T00:00:00
17449235;573108;Libáň;;;;;81671;Libáň;166006;Dukelská;č.p.;477;;;50723;681890.97;1018810.21;2013-12-01T00:00:00
17449243;573108;Libáň;;;;;81671;Libáň;166111;náměstí Svobody;č.p.;478;;;50723;682349.09;1018648.79;2013-12-01T00:00:00
17449251;573108;Libáň;;;;;81671;Libáň;166049;Komenského;č.p.;479;;;50723;681733.42;1018377.82;2015-01-08T00:00:00
17449260;573108;Libáň;;;;;81671;Libáň;166006;Dukelská;č.p.;480;;;50723;681816.02;1018780.71;2013-12-01T00:00:00
17449278;573108;Libáň;;;;;81671;Libáň;165999;Českých bratří;č.p.;481;;;50723;682745.08;1018348.53;2013-12-01T00:00:00
17449286;573108;Libáň;;;;;81671;Libáň;166006;Dukelská;č.p.;482;;;50723;681836.41;1018781.60;2013-12-01T00:00:00
17449294;573108;Libáň;;;;;81671;Libáň;165999;Českých bratří;č.p.;483;;;50723;682751.86;1018343.68;2013-12-01T00:00:00
17449308;573108;Libáň;;;;;81671;Libáň;166120;Jičínská;č.p.;484;;;50723;682478.82;1018252.46;2013-12-01T00:00:00
17449316;573108;Libáň;;;;;81671;Libáň;166006;Dukelská;č.p.;485;;;50723;681823.45;1018831.94;2013-12-01T00:00:00
17449324;573108;Libáň;;;;;81671;Libáň;166006;Dukelská;č.p.;486;;;50723;681835.26;1018820.06;2013-12-01T00:00:00
17449332;573108;Libáň;;;;;81671;Libáň;166146;Tyršova;č.p.;487;;;50723;681891.65;1018609.65;2013-12-01T00:00:00
17449341;573108;Libáň;;;;;81671;Libáň;166006;Dukelská;č.p.;488;;;50723;681808.75;1018843.70;2013-12-01T00:00:00
17449359;573108;Libáň;;;;;81671;Libáň;166120;Jičínská;č.p.;489;;;50723;682438.67;1018412.16;2013-12-01T00:00:00
17449367;573108;Libáň;;;;;81671;Libáň;166120;Jičínská;č.p.;490;;;50723;682447.48;1018637.94;2015-01-08T00:00:00
17449375;573108;Libáň;;;;;81671;Libáň;166065;Míru;č.p.;491;;;50723;682498.35;1018204.98;2013-12-01T00:00:00
17449383;573108;Libáň;;;;;81671;Libáň;166120;Jičínská;č.p.;492;;;50723;682473.95;1018266.42;2013-12-01T00:00:00
17449391;573108;Libáň;;;;;81671;Libáň;165999;Českých bratří;č.p.;493;;;50723;682712.72;1018297.08;2013-12-01T00:00:00
17449405;573108;Libáň;;;;;81671;Libáň;165972;Boženy Němcové;č.p.;494;;;50723;682091.88;1018571.43;2013-12-01T00:00:00
17449413;573108;Libáň;;;;;81671;Libáň;166049;Komenského;č.p.;495;;;50723;682091.86;1018523.61;2013-12-01T00:00:00
17449421;573108;Libáň;;;;;81671;Libáň;166006;Dukelská;č.p.;496;;;50723;681752.05;1018897.39;2013-12-01T00:00:00
17449430;573108;Libáň;;;;;81671;Libáň;166146;Tyršova;č.p.;497;;;50723;681861.58;1018538.31;2013-12-01T00:00:00
17449448;573108;Libáň;;;;;81671;Libáň;166146;Tyršova;č.p.;498;;;50723;681854.19;1018538.50;2013-12-01T00:00:00
17449456;573108;Libáň;;;;;81671;Libáň;166146;Tyršova;č.p.;499;;;50723;681831.78;1018539.78;2013-12-01T00:00:00
17449464;573108;Libáň;;;;;81671;Libáň;166146;Tyršova;č.p.;500;;;50723;681825.06;1018540.68;2013-12-01T00:00:00
17449472;573108;Libáň;;;;;81671;Libáň;166120;Jičínská;č.p.;501;;;50723;682437.57;1018396.21;2013-12-01T00:00:00
17449481;573108;Libáň;;;;;81671;Libáň;166120;Jičínská;č.p.;502;;;50723;682439.33;1018450.20;2013-12-01T00:00:00
17449499;573108;Libáň;;;;;81671;Libáň;166090;Na Sídlišti;č.p.;503;;;50723;682339.85;1018535.49;2013-12-01T00:00:00
17449502;573108;Libáň;;;;;81671;Libáň;166014;Emlerova;č.p.;504;;;50723;682187.41;1019300.92;2013-12-01T00:00:00
17449511;573108;Libáň;;;;;81671;Libáň;166065;Míru;č.p.;505;;;50723;682549.82;1018462.10;2013-12-01T00:00:00
17449529;573108;Libáň;;;;;81671;Libáň;166090;Na Sídlišti;č.p.;506;;;50723;682304.38;1018536.06;2013-12-01T00:00:00
17449537;573108;Libáň;;;;;81671;Libáň;166090;Na Sídlišti;č.p.;507;;;50723;682305.56;1018520.94;2013-12-01T00:00:00
17449545;573108;Libáň;;;;;81671;Libáň;166090;Na Sídlišti;č.p.;508;;;50723;682302.67;1018504.30;2013-12-01T00:00:00
17449553;573108;Libáň;;;;;81671;Libáň;166090;Na Sídlišti;č.p.;509;;;50723;682302.78;1018471.13;2013-12-01T00:00:00
17449561;573108;Libáň;;;;;81671;Libáň;166090;Na Sídlišti;č.p.;510;;;50723;682304.34;1018413.96;2013-12-01T00:00:00
17449570;573108;Libáň;;;;;81671;Libáň;166090;Na Sídlišti;č.p.;511;;;50723;682332.16;1018410.75;2013-12-01T00:00:00
17449588;573108;Libáň;;;;;81671;Libáň;166090;Na Sídlišti;č.p.;512;;;50723;682329.35;1018429.24;2013-12-01T00:00:00
17449596;573108;Libáň;;;;;81671;Libáň;166090;Na Sídlišti;č.p.;513;;;50723;682329.44;1018448.03;2013-12-01T00:00:00
17449600;573108;Libáň;;;;;81671;Libáň;166090;Na Sídlišti;č.p.;514;;;50723;682331.84;1018465.23;2013-12-01T00:00:00
17449618;573108;Libáň;;;;;81671;Libáň;166090;Na Sídlišti;č.p.;515;;;50723;682286.14;1018472.65;2013-12-01T00:00:00
17449626;573108;Libáň;;;;;81671;Libáň;166090;Na Sídlišti;č.p.;516;;;50723;682266.49;1018476.08;2013-12-01T00:00:00
17449634;573108;Libáň;;;;;81671;Libáň;166090;Na Sídlišti;č.p.;517;;;50723;682246.68;1018478.84;2013-12-01T00:00:00
17449642;573108;Libáň;;;;;81671;Libáň;166090;Na Sídlišti;č.p.;518;;;50723;682228.31;1018480.40;2013-12-01T00:00:00
17449651;573108;Libáň;;;;;81671;Libáň;166090;Na Sídlišti;č.p.;519;;;50723;682285.57;1018418.96;2013-12-01T00:00:00
17449669;573108;Libáň;;;;;81671;Libáň;166090;Na Sídlišti;č.p.;520;;;50723;682278.21;1018420.01;2013-12-01T00:00:00
17449677;573108;Libáň;;;;;81671;Libáň;166090;Na Sídlišti;č.p.;521;;;50723;682270.67;1018420.61;2013-12-01T00:00:00
17449685;573108;Libáň;;;;;81671;Libáň;166090;Na Sídlišti;č.p.;522;;;50723;682264.22;1018421.71;2013-12-01T00:00:00
17449693;573108;Libáň;;;;;81671;Libáň;166090;Na Sídlišti;č.p.;523;;;50723;682257.32;1018422.37;2013-12-01T00:00:00
17449707;573108;Libáň;;;;;81671;Libáň;166090;Na Sídlišti;č.p.;524;;;50723;682248.76;1018423.14;2013-12-01T00:00:00
17449715;573108;Libáň;;;;;81671;Libáň;166090;Na Sídlišti;č.p.;525;;;50723;682242.15;1018423.72;2013-12-01T00:00:00
17449723;573108;Libáň;;;;;81671;Libáň;166090;Na Sídlišti;č.p.;526;;;50723;682234.79;1018424.54;2013-12-01T00:00:00
17449731;573108;Libáň;;;;;81671;Libáň;166090;Na Sídlišti;č.p.;527;;;50723;682227.60;1018425.34;2013-12-01T00:00:00
17449740;573108;Libáň;;;;;81671;Libáň;166090;Na Sídlišti;č.p.;528;;;50723;682220.21;1018425.54;2013-12-01T00:00:00
17449758;573108;Libáň;;;;;81671;Libáň;166014;Emlerova;č.p.;529;;;50723;682202.85;1019288.44;2014-01-30T00:00:00
17449774;573108;Libáň;;;;;81671;Libáň;166090;Na Sídlišti;č.p.;531;;;50723;682330.66;1018378.30;2013-12-01T00:00:00
17449782;573108;Libáň;;;;;81671;Libáň;166090;Na Sídlišti;č.p.;532;;;50723;682322.34;1018379.02;2013-12-01T00:00:00
17449791;573108;Libáň;;;;;81671;Libáň;166090;Na Sídlišti;č.p.;533;;;50723;682314.32;1018379.62;2013-12-01T00:00:00
17449804;573108;Libáň;;;;;81671;Libáň;166090;Na Sídlišti;č.p.;534;;;50723;682306.41;1018381.05;2013-12-01T00:00:00
17449812;573108;Libáň;;;;;81671;Libáň;166090;Na Sídlišti;č.p.;535;;;50723;682299.03;1018381.55;2013-12-01T00:00:00
17449821;573108;Libáň;;;;;81671;Libáň;166090;Na Sídlišti;č.p.;536;;;50723;682290.89;1018382.38;2013-12-01T00:00:00
17449839;573108;Libáň;;;;;81671;Libáň;166090;Na Sídlišti;č.p.;537;;;50723;682283.42;1018383.19;2013-12-01T00:00:00
17449847;573108;Libáň;;;;;81671;Libáň;166090;Na Sídlišti;č.p.;538;;;50723;682274.77;1018384.64;2013-12-01T00:00:00
17449855;573108;Libáň;;;;;81671;Libáň;166090;Na Sídlišti;č.p.;539;;;50723;682266.58;1018385.22;2013-12-01T00:00:00
17449863;573108;Libáň;;;;;81671;Libáň;166090;Na Sídlišti;č.p.;540;;;50723;682258.57;1018386.52;2013-12-01T00:00:00
17449871;573108;Libáň;;;;;81671;Libáň;166090;Na Sídlišti;č.p.;541;;;50723;682250.80;1018387.08;2013-12-01T00:00:00
17449880;573108;Libáň;;;;;81671;Libáň;166090;Na Sídlišti;č.p.;542;;;50723;682242.94;1018388.63;2013-12-01T00:00:00
17449898;573108;Libáň;;;;;81671;Libáň;166090;Na Sídlišti;č.p.;543;;;50723;682348.20;1018375.54;2013-12-01T00:00:00
17449901;573108;Libáň;;;;;81671;Libáň;166090;Na Sídlišti;č.p.;544;;;50723;682368.20;1018374.15;2013-12-01T00:00:00
17449910;573108;Libáň;;;;;81671;Libáň;166090;Na Sídlišti;č.p.;545;;;50723;682332.51;1018484.69;2013-12-01T00:00:00
17449928;573108;Libáň;;;;;81671;Libáň;166090;Na Sídlišti;č.p.;546;;;50723;682365.86;1018506.92;2013-12-01T00:00:00
17449936;573108;Libáň;;;;;81671;Libáň;166090;Na Sídlišti;č.p.;548;;;50723;682272.56;1018536.06;2013-12-01T00:00:00
17449944;573108;Libáň;;;;;81671;Libáň;166090;Na Sídlišti;č.p.;549;;;50723;682272.56;1018516.38;2013-12-01T00:00:00
17449952;573108;Libáň;;;;;81671;Libáň;166090;Na Sídlišti;č.p.;550;;;50723;682319.65;1018568.50;2013-12-01T00:00:00
17449961;573108;Libáň;;;;;81671;Libáň;166031;Školní;č.p.;551;;;50723;682270.29;1018896.03;2013-12-01T00:00:00
17449979;573108;Libáň;;;;;81671;Libáň;166090;Na Sídlišti;č.p.;552;;;50723;682241.94;1018539.69;2013-12-01T00:00:00
17449987;573108;Libáň;;;;;81671;Libáň;166090;Na Sídlišti;č.p.;553;;;50723;682239.88;1018524.56;2013-12-01T00:00:00
17449995;573108;Libáň;;;;;81671;Libáň;165981;Cukrovar;č.p.;554;;;50723;681826.52;1018674.51;2015-01-07T00:00:00
17450004;573108;Libáň;;;;;81671;Libáň;165981;Cukrovar;č.p.;555;;;50723;681840.38;1018654.09;2015-01-07T00:00:00
17450012;573108;Libáň;;;;;81671;Libáň;165981;Cukrovar;č.p.;556;;;50723;681846.35;1018644.77;2015-01-07T00:00:00
17450021;573108;Libáň;;;;;81671;Libáň;166014;Emlerova;č.p.;563;;;50723;682195.36;1019117.04;2013-12-01T00:00:00
17450039;573108;Libáň;;;;;81671;Libáň;166014;Emlerova;č.p.;564;;;50723;682193.26;1019125.49;2013-12-01T00:00:00
17450047;573108;Libáň;;;;;81671;Libáň;166014;Emlerova;č.p.;565;;;50723;682191.41;1019133.74;2013-12-01T00:00:00
17450055;573108;Libáň;;;;;81671;Libáň;166014;Emlerova;č.p.;566;;;50723;682189.54;1019141.65;2013-12-01T00:00:00
17450063;573108;Libáň;;;;;81671;Libáň;166014;Emlerova;č.p.;567;;;50723;682187.67;1019149.29;2013-12-01T00:00:00
17450071;573108;Libáň;;;;;81671;Libáň;166014;Emlerova;č.p.;568;;;50723;682185.93;1019157.87;2013-12-01T00:00:00
17450080;573108;Libáň;;;;;81671;Libáň;166014;Emlerova;č.p.;569;;;50723;682133.59;1019331.63;2013-12-01T00:00:00
17450098;573108;Libáň;;;;;81671;Libáň;166014;Emlerova;č.p.;570;;;50723;682126.52;1019332.35;2013-12-01T00:00:00
17450101;573108;Libáň;;;;;81671;Libáň;166014;Emlerova;č.p.;571;;;50723;682118.93;1019327.11;2013-12-01T00:00:00
17450110;573108;Libáň;;;;;81671;Libáň;166014;Emlerova;č.p.;572;;;50723;682111.16;1019326.84;2013-12-01T00:00:00
17450128;573108;Libáň;;;;;81671;Libáň;166014;Emlerova;č.p.;573;;;50723;682103.72;1019324.47;2013-12-01T00:00:00
17450136;573108;Libáň;;;;;81671;Libáň;166014;Emlerova;č.p.;574;;;50723;682095.95;1019324.23;2013-12-01T00:00:00
17450144;573108;Libáň;;;;;81671;Libáň;166154;Nad Hřištěm;č.p.;577;;;50723;682357.74;1018330.10;2013-12-01T00:00:00
17450152;573108;Libáň;;;;;81671;Libáň;166154;Nad Hřištěm;č.p.;578;;;50723;682335.72;1018333.30;2013-12-01T00:00:00
17450179;573108;Libáň;;;;;81671;Libáň;166154;Nad Hřištěm;č.p.;579;;;50723;682314.50;1018336.47;2013-12-01T00:00:00
17450187;573108;Libáň;;;;;81671;Libáň;166154;Nad Hřištěm;č.p.;580;;;50723;682293.96;1018343.07;2013-12-01T00:00:00
17450195;573108;Libáň;;;;;81671;Libáň;166154;Nad Hřištěm;č.p.;581;;;50723;682253.23;1018344.24;2013-12-01T00:00:00
17450209;573108;Libáň;;;;;81671;Libáň;166154;Nad Hřištěm;č.p.;582;;;50723;682252.67;1018311.34;2013-12-01T00:00:00
17450217;573108;Libáň;;;;;81671;Libáň;166154;Nad Hřištěm;č.p.;583;;;50723;682274.02;1018309.42;2013-12-01T00:00:00
17450225;573108;Libáň;;;;;81671;Libáň;166154;Nad Hřištěm;č.p.;584;;;50723;682313.36;1018304.27;2013-12-01T00:00:00
17450233;573108;Libáň;;;;;81671;Libáň;166154;Nad Hřištěm;č.p.;585;;;50723;682384.64;1018298.10;2013-12-01T00:00:00
17450241;573108;Libáň;;;;;81671;Libáň;166154;Nad Hřištěm;č.p.;586;;;50723;682407.20;1018293.96;2013-12-01T00:00:00
17450250;573108;Libáň;;;;;81671;Libáň;166154;Nad Hřištěm;č.p.;587;;;50723;682428.72;1018289.09;2013-12-01T00:00:00
17450268;573108;Libáň;;;;;81671;Libáň;166154;Nad Hřištěm;č.p.;588;;;50723;682445.75;1018289.41;2013-12-01T00:00:00
17450284;573108;Libáň;;;;;81671;Libáň;166154;Nad Hřištěm;č.p.;589;;;50723;682349.42;1018302.54;2013-12-01T00:00:00
17450292;573108;Libáň;;;;;81671;Libáň;166154;Nad Hřištěm;č.p.;590;;;50723;682349.04;1018294.59;2013-12-01T00:00:00
17450306;573108;Libáň;;;;;81671;Libáň;166154;Nad Hřištěm;č.p.;591;;;50723;682356.76;1018291.95;2013-12-01T00:00:00
17450314;573108;Libáň;;;;;81671;Libáň;166154;Nad Hřištěm;č.p.;592;;;50723;682351.41;1018279.39;2014-06-25T00:00:00
17450322;573108;Libáň;;;;;81671;Libáň;166057;Lindnerova;č.ev.;1;;;50723;682601.57;1019240.76;2013-12-01T00:00:00
17450331;573108;Libáň;;;;;81671;Libáň;166073;Na Horách;č.ev.;4;;;50723;681412.73;1017991.89;2016-03-24T00:00:00
17480060;573108;Libáň;;;;;136441;Křešice;;;č.p.;1;;;50723;684111.88;1022692.81;2013-12-01T00:00:00
17480078;573108;Libáň;;;;;136441;Křešice;;;č.p.;2;;;50723;684128.65;1022737.61;2013-12-01T00:00:00
17480086;573108;Libáň;;;;;136441;Křešice;;;č.p.;3;;;50723;684197.04;1022709.73;2013-12-01T00:00:00
17480094;573108;Libáň;;;;;136441;Křešice;;;č.p.;4;;;50723;684200.78;1022670.55;2013-12-01T00:00:00
17480108;573108;Libáň;;;;;136441;Křešice;;;č.p.;5;;;50723;684143.80;1022669.82;2013-12-01T00:00:00
17480116;573108;Libáň;;;;;136441;Křešice;;;č.p.;6;;;50723;684165.29;1022632.87;2013-12-01T00:00:00
17480124;573108;Libáň;;;;;136441;Křešice;;;č.p.;7;;;50723;684196.86;1022586.42;2013-12-01T00:00:00
17480132;573108;Libáň;;;;;136441;Křešice;;;č.p.;8;;;50723;683796.56;1022446.92;2013-12-01T00:00:00
17480141;573108;Libáň;;;;;136441;Křešice;;;č.p.;9;;;50723;684270.17;1022682.82;2013-12-01T00:00:00
17480159;573108;Libáň;;;;;136441;Křešice;;;č.p.;10;;;50723;683752.91;1022507.55;2013-12-01T00:00:00
17480167;573108;Libáň;;;;;136441;Křešice;;;č.p.;11;;;50723;683828.22;1022476.12;2013-12-01T00:00:00
17480175;573108;Libáň;;;;;136441;Křešice;;;č.p.;13;;;50723;683822.58;1022527.92;2013-12-01T00:00:00
17480183;573108;Libáň;;;;;136441;Křešice;;;č.p.;14;;;50723;683843.31;1022524.54;2013-12-01T00:00:00
17480191;573108;Libáň;;;;;136441;Křešice;;;č.p.;15;;;50723;683831.52;1022507.92;2013-12-01T00:00:00
17480205;573108;Libáň;;;;;136441;Křešice;;;č.p.;16;;;50723;684064.99;1022744.89;2013-12-01T00:00:00
17480213;573108;Libáň;;;;;136441;Křešice;;;č.p.;17;;;50723;684111.35;1022773.46;2013-12-01T00:00:00
17480221;573108;Libáň;;;;;136441;Křešice;;;č.p.;19;;;50723;683797.11;1022408.84;2013-12-01T00:00:00
17480230;573108;Libáň;;;;;136441;Křešice;;;č.p.;20;;;50723;683748.75;1022346.55;2013-12-01T00:00:00
17480248;573108;Libáň;;;;;136441;Křešice;;;č.p.;21;;;50723;683314.40;1023375.07;2013-12-01T00:00:00
17480256;573108;Libáň;;;;;136441;Křešice;;;č.p.;22;;;50723;683820.20;1022541.00;2013-12-01T00:00:00
17480264;573108;Libáň;;;;;136441;Křešice;;;č.p.;23;;;50723;683859.53;1022493.23;2013-12-01T00:00:00
17480272;573108;Libáň;;;;;136441;Křešice;;;č.p.;24;;;50723;683868.54;1022477.24;2013-12-01T00:00:00
17480281;573108;Libáň;;;;;136441;Křešice;;;č.p.;25;;;50723;684021.18;1022631.99;2013-12-01T00:00:00
17480299;573108;Libáň;;;;;136441;Křešice;;;č.p.;26;;;50723;684101.99;1022754.47;2013-12-01T00:00:00
17480302;573108;Libáň;;;;;136441;Křešice;;;č.p.;27;;;50723;683872.16;1022627.40;2013-12-01T00:00:00
17480311;573108;Libáň;;;;;136441;Křešice;;;č.p.;28;;;50723;684020.95;1022665.49;2013-12-01T00:00:00
17480329;573108;Libáň;;;;;136441;Křešice;;;č.p.;29;;;50723;683801.74;1022495.01;2013-12-01T00:00:00
17480337;573108;Libáň;;;;;136441;Křešice;;;č.p.;30;;;50723;683847.99;1022458.96;2013-12-01T00:00:00
17480345;573108;Libáň;;;;;136441;Křešice;;;č.p.;31;;;50723;683886.20;1022504.26;2013-12-01T00:00:00
17480353;573108;Libáň;;;;;136441;Křešice;;;č.p.;32;;;50723;684009.41;1022702.06;2013-12-01T00:00:00
17480361;573108;Libáň;;;;;136441;Křešice;;;č.p.;33;;;50723;683983.79;1022550.30;2013-12-01T00:00:00
17480370;573108;Libáň;;;;;136441;Křešice;;;č.p.;34;;;50723;683793.76;1022545.01;2013-12-01T00:00:00
17480388;573108;Libáň;;;;;136441;Křešice;;;č.p.;35;;;50723;683928.74;1022664.18;2013-12-01T00:00:00
17480396;573108;Libáň;;;;;136441;Křešice;;;č.p.;36;;;50723;683969.34;1022693.35;2013-12-01T00:00:00
17480400;573108;Libáň;;;;;136441;Křešice;;;č.p.;38;;;50723;683842.47;1022612.68;2013-12-01T00:00:00
17480418;573108;Libáň;;;;;136441;Křešice;;;č.p.;39;;;50723;683774.14;1022540.33;2013-12-01T00:00:00
17480426;573108;Libáň;;;;;136441;Křešice;;;č.p.;40;;;50723;683968.17;1022649.93;2013-12-01T00:00:00
17480434;573108;Libáň;;;;;136441;Křešice;;;č.p.;41;;;50723;683767.74;1022366.30;2013-12-01T00:00:00
17480442;573108;Libáň;;;;;136441;Křešice;;;č.p.;42;;;50723;683819.01;1022612.08;2013-12-01T00:00:00
17480451;573108;Libáň;;;;;136441;Křešice;;;č.p.;43;;;50723;684286.81;1022667.96;2013-12-01T00:00:00
17480469;573108;Libáň;;;;;136441;Křešice;;;č.p.;44;;;50723;684175.61;1022618.43;2013-12-01T00:00:00
17480477;573108;Libáň;;;;;136441;Křešice;;;č.p.;45;;;50723;683908.73;1022648.67;2013-12-01T00:00:00
17480485;573108;Libáň;;;;;136441;Křešice;;;č.p.;46;;;50723;683972.06;1022591.16;2013-12-01T00:00:00
17480493;573108;Libáň;;;;;136441;Křešice;;;č.p.;47;;;50723;684183.73;1022604.89;2013-12-01T00:00:00
17480507;573108;Libáň;;;;;136441;Křešice;;;č.p.;48;;;50723;683926.44;1022535.30;2013-12-01T00:00:00
17480515;573108;Libáň;;;;;136441;Křešice;;;č.p.;50;;;50723;683966.63;1022571.83;2013-12-01T00:00:00
17480523;573108;Libáň;;;;;136441;Křešice;;;č.p.;52;;;50723;683939.18;1022567.04;2013-12-01T00:00:00
17480531;573108;Libáň;;;;;136441;Křešice;;;č.p.;53;;;50723;;;2011-07-01T00:00:00
17480540;573108;Libáň;;;;;136441;Křešice;;;č.p.;54;;;50723;684136.73;1022703.06;2013-12-01T00:00:00
17480558;573108;Libáň;;;;;136441;Křešice;;;č.p.;55;;;50723;683921.38;1022489.92;2013-12-01T00:00:00
17480566;573108;Libáň;;;;;136441;Křešice;;;č.p.;57;;;50723;683964.58;1022532.50;2013-12-01T00:00:00
17480574;573108;Libáň;;;;;136441;Křešice;;;č.p.;58;;;50723;684348.04;1022695.38;2013-12-01T00:00:00
17480582;573108;Libáň;;;;;136441;Křešice;;;č.p.;60;;;50723;683908.07;1022455.30;2013-12-01T00:00:00
17480591;573108;Libáň;;;;;136441;Křešice;;;č.p.;61;;;50723;683870.19;1022437.24;2013-12-01T00:00:00
17480604;573108;Libáň;;;;;136441;Křešice;;;č.p.;62;;;50723;683975.55;1022728.53;2013-12-01T00:00:00
17480612;573108;Libáň;;;;;136441;Křešice;;;č.p.;63;;;50723;684108.83;1022651.91;2013-12-01T00:00:00
17480639;573108;Libáň;;;;;136450;Psinice;;;č.p.;2;;;50723;682730.45;1021185.47;2013-12-01T00:00:00
17480655;573108;Libáň;;;;;136450;Psinice;;;č.p.;4;;;50723;682664.43;1021177.40;2013-12-01T00:00:00
17480663;573108;Libáň;;;;;136450;Psinice;;;č.p.;5;;;50723;683160.52;1021600.99;2013-12-01T00:00:00
17480671;573108;Libáň;;;;;136450;Psinice;;;č.p.;6;;;50723;682633.24;1021223.53;2013-12-01T00:00:00
17480680;573108;Libáň;;;;;136450;Psinice;;;č.p.;7;;;50723;682606.13;1021176.74;2013-12-01T00:00:00
17480698;573108;Libáň;;;;;136450;Psinice;;;č.p.;8;;;50723;683045.99;1021508.65;2013-12-01T00:00:00
17480701;573108;Libáň;;;;;136450;Psinice;;;č.p.;9;;;50723;682709.62;1021143.52;2013-12-01T00:00:00
17480710;573108;Libáň;;;;;136450;Psinice;;;č.p.;10;;;50723;682969.09;1021274.37;2013-12-01T00:00:00
17480728;573108;Libáň;;;;;136450;Psinice;;;č.p.;11;;;50723;682889.90;1021088.31;2013-12-01T00:00:00
17480736;573108;Libáň;;;;;136450;Psinice;;;č.p.;12;;;50723;682900.59;1021123.82;2013-12-01T00:00:00
17480744;573108;Libáň;;;;;136450;Psinice;;;č.p.;13;;;50723;682907.42;1021139.61;2013-12-01T00:00:00
17480761;573108;Libáň;;;;;136450;Psinice;;;č.p.;15;;;50723;682922.95;1021173.98;2013-12-01T00:00:00
17480779;573108;Libáň;;;;;136450;Psinice;;;č.p.;16;;;50723;682927.02;1021187.60;2013-12-01T00:00:00
17480787;573108;Libáň;;;;;136450;Psinice;;;č.p.;17;;;50723;682930.80;1021231.95;2013-12-01T00:00:00
17480795;573108;Libáň;;;;;136450;Psinice;;;č.p.;18;;;50723;682885.74;1021337.87;2013-12-01T00:00:00
17480809;573108;Libáň;;;;;136450;Psinice;;;č.p.;20;;;50723;682852.32;1021319.22;2013-12-01T00:00:00
17480817;573108;Libáň;;;;;136450;Psinice;;;č.p.;22;;;50723;682804.32;1020896.89;2013-12-01T00:00:00
17480825;573108;Libáň;;;;;136450;Psinice;;;č.p.;23;;;50723;682869.38;1021221.54;2013-12-01T00:00:00
17480833;573108;Libáň;;;;;136450;Psinice;;;č.p.;24;;;50723;682889.17;1021195.96;2013-12-01T00:00:00
17480841;573108;Libáň;;;;;136450;Psinice;;;č.p.;25;;;50723;682885.86;1021174.19;2013-12-01T00:00:00
17480850;573108;Libáň;;;;;136450;Psinice;;;č.p.;26;;;50723;682842.46;1021119.06;2013-12-01T00:00:00
17480868;573108;Libáň;;;;;136450;Psinice;;;č.p.;27;;;50723;682796.18;1021120.31;2013-12-01T00:00:00
17480876;573108;Libáň;;;;;136450;Psinice;;;č.p.;28;;;50723;682777.22;1021142.91;2013-12-01T00:00:00
17480884;573108;Libáň;;;;;136450;Psinice;;;č.p.;29;;;50723;683085.02;1021632.19;2013-12-01T00:00:00
17480892;573108;Libáň;;;;;136450;Psinice;;;č.p.;30;;;50723;683020.45;1021525.48;2013-12-01T00:00:00
17480906;573108;Libáň;;;;;136450;Psinice;;;č.p.;31;;;50723;683120.88;1021625.48;2013-12-01T00:00:00
17480914;573108;Libáň;;;;;136450;Psinice;;;č.p.;32;;;50723;683142.24;1021662.04;2013-12-01T00:00:00
17480922;573108;Libáň;;;;;136450;Psinice;;;č.p.;33;;;50723;682775.37;1020990.46;2013-12-01T00:00:00
17480931;573108;Libáň;;;;;136450;Psinice;;;č.p.;34;;;50723;683171.45;1021547.80;2013-12-01T00:00:00
17480949;573108;Libáň;;;;;136450;Psinice;;;č.p.;35;;;50723;683224.81;1021605.67;2013-12-01T00:00:00
17480957;573108;Libáň;;;;;136450;Psinice;;;č.p.;36;;;50723;683307.72;1021778.88;2013-12-01T00:00:00
17480965;573108;Libáň;;;;;136450;Psinice;;;č.p.;37;;;50723;683148.98;1021524.85;2013-12-01T00:00:00
17480973;573108;Libáň;;;;;136450;Psinice;;;č.p.;38;;;50723;683261.96;1021734.13;2013-12-01T00:00:00
17480981;573108;Libáň;;;;;136450;Psinice;;;č.p.;39;;;50723;683099.78;1021650.98;2013-12-01T00:00:00
17480990;573108;Libáň;;;;;136450;Psinice;;;č.p.;40;;;50723;683242.52;1021643.70;2013-12-01T00:00:00
17481007;573108;Libáň;;;;;136450;Psinice;;;č.p.;41;;;50723;683245.61;1021697.08;2013-12-01T00:00:00
17481015;573108;Libáň;;;;;136450;Psinice;;;č.p.;42;;;50723;683226.06;1021672.17;2013-12-01T00:00:00
17481023;573108;Libáň;;;;;136450;Psinice;;;č.p.;43;;;50723;683313.10;1021726.24;2013-12-01T00:00:00
17481031;573108;Libáň;;;;;136450;Psinice;;;č.p.;45;;;50723;683190.84;1021620.46;2013-12-01T00:00:00
17481040;573108;Libáň;;;;;136450;Psinice;;;č.p.;46;;;50723;683142.25;1021614.02;2013-12-01T00:00:00
17481058;573108;Libáň;;;;;136450;Psinice;;;č.p.;47;;;50723;683147.27;1021606.63;2013-12-01T00:00:00
17481066;573108;Libáň;;;;;136450;Psinice;;;č.p.;48;;;50723;683286.88;1021858.46;2013-12-01T00:00:00
17481074;573108;Libáň;;;;;136450;Psinice;;;č.p.;49;;;50723;682908.91;1021381.16;2013-12-01T00:00:00
17481082;573108;Libáň;;;;;136450;Psinice;;;č.p.;50;;;50723;682757.05;1022151.90;2013-12-01T00:00:00
17481091;573108;Libáň;;;;;136450;Psinice;;;č.p.;51;;;50723;682954.11;1021274.21;2013-12-01T00:00:00
17481104;573108;Libáň;;;;;136450;Psinice;;;č.p.;52;;;50723;683050.87;1021660.64;2013-12-01T00:00:00
17481112;573108;Libáň;;;;;136450;Psinice;;;č.p.;53;;;50723;682747.39;1022160.54;2013-12-01T00:00:00
17481121;573108;Libáň;;;;;136450;Psinice;;;č.p.;54;;;50723;682723.32;1021202.02;2013-12-01T00:00:00
17481139;573108;Libáň;;;;;136450;Psinice;;;č.p.;55;;;50723;682723.97;1022233.92;2013-12-01T00:00:00
17481147;573108;Libáň;;;;;136450;Psinice;;;č.p.;57;;;50723;682722.13;1020752.44;2013-12-01T00:00:00
17481163;573108;Libáň;;;;;136450;Psinice;;;č.p.;59;;;50723;683098.14;1021416.64;2013-12-01T00:00:00
17481171;573108;Libáň;;;;;136450;Psinice;;;č.p.;60;;;50723;682870.00;1021204.87;2013-12-01T00:00:00
17481180;573108;Libáň;;;;;136450;Psinice;;;č.p.;61;;;50723;682861.61;1021191.95;2013-12-01T00:00:00
17481198;573108;Libáň;;;;;136450;Psinice;;;č.p.;62;;;50723;683269.17;1021669.94;2013-12-01T00:00:00
17481201;573108;Libáň;;;;;136450;Psinice;;;č.p.;63;;;50723;683232.40;1021626.28;2013-12-01T00:00:00
17481210;573108;Libáň;;;;;136450;Psinice;;;č.p.;64;;;50723;683287.42;1021750.92;2013-12-01T00:00:00
17481228;573108;Libáň;;;;;136450;Psinice;;;č.p.;65;;;50723;683188.96;1021570.70;2013-12-01T00:00:00
17481236;573108;Libáň;;;;;136450;Psinice;;;č.p.;66;;;50723;683209.97;1021586.97;2013-12-01T00:00:00
17481244;573108;Libáň;;;;;136450;Psinice;;;č.p.;67;;;50723;682760.15;1021104.34;2013-12-01T00:00:00
17481252;573108;Libáň;;;;;136450;Psinice;;;č.p.;69;;;50723;682983.99;1021553.74;2013-12-01T00:00:00
17481261;573108;Libáň;;;;;136450;Psinice;;;č.p.;70;;;50723;683312.55;1021845.72;2013-12-01T00:00:00
17481279;573108;Libáň;;;;;136450;Psinice;;;č.p.;71;;;50723;682829.90;1021162.66;2013-12-01T00:00:00
17481287;573108;Libáň;;;;;136450;Psinice;;;č.p.;72;;;50723;683289.40;1021705.47;2013-12-01T00:00:00
17481295;573108;Libáň;;;;;136450;Psinice;;;č.p.;73;;;50723;683049.03;1021615.93;2013-12-01T00:00:00
17481309;573108;Libáň;;;;;136450;Psinice;;;č.p.;74;;;50723;683070.11;1021603.11;2013-12-01T00:00:00
17481317;573108;Libáň;;;;;136450;Psinice;;;č.p.;75;;;50723;683084.50;1021591.25;2013-12-01T00:00:00
17481325;573108;Libáň;;;;;136450;Psinice;;;č.p.;76;;;50723;683100.86;1021581.50;2013-12-01T00:00:00
17481333;573108;Libáň;;;;;136450;Psinice;;;č.p.;77;;;50723;683137.00;1021559.65;2013-12-01T00:00:00
17481341;573108;Libáň;;;;;136450;Psinice;;;č.p.;78;;;50723;683114.55;1021531.65;2013-12-01T00:00:00
17481350;573108;Libáň;;;;;136450;Psinice;;;č.p.;79;;;50723;683106.27;1021513.56;2013-12-01T00:00:00
17481368;573108;Libáň;;;;;136450;Psinice;;;č.p.;80;;;50723;683091.78;1021495.62;2013-12-01T00:00:00
17481376;573108;Libáň;;;;;136450;Psinice;;;č.p.;81;;;50723;683077.30;1021476.55;2013-12-01T00:00:00
17481384;573108;Libáň;;;;;136450;Psinice;;;č.p.;82;;;50723;682799.22;1020950.73;2013-12-01T00:00:00
17481392;573108;Libáň;;;;;136450;Psinice;;;č.p.;83;;;50723;683111.36;1021477.54;2013-12-01T00:00:00
17481406;573108;Libáň;;;;;136450;Psinice;;;č.p.;84;;;50723;683123.93;1021454.80;2013-12-01T00:00:00
17481414;573108;Libáň;;;;;136450;Psinice;;;č.p.;85;;;50723;683132.32;1021507.64;2013-12-01T00:00:00
17481422;573108;Libáň;;;;;136450;Psinice;;;č.p.;86;;;50723;682773.99;1021095.86;2013-12-01T00:00:00
17481431;573108;Libáň;;;;;136450;Psinice;;;č.p.;87;;;50723;682951.46;1021320.58;2013-12-01T00:00:00
17481449;573108;Libáň;;;;;136450;Psinice;;;č.p.;88;;;50723;682846.82;1021238.57;2013-12-01T00:00:00
17481457;573108;Libáň;;;;;136450;Psinice;;;č.p.;90;;;50723;683061.99;1021458.18;2013-12-01T00:00:00
17481465;573108;Libáň;;;;;136450;Psinice;;;č.p.;91;;;50723;683058.05;1021393.06;2013-12-01T00:00:00
17481473;573108;Libáň;;;;;136450;Psinice;;;č.p.;92;;;50723;682825.58;1021294.79;2013-12-01T00:00:00
17481481;573108;Libáň;;;;;136450;Psinice;;;č.p.;93;;;50723;682818.26;1021299.65;2013-12-01T00:00:00
17481490;573108;Libáň;;;;;136450;Psinice;;;č.p.;94;;;50723;682802.09;1021319.79;2013-12-01T00:00:00
17481503;573108;Libáň;;;;;136450;Psinice;;;č.p.;95;;;50723;682796.52;1021324.69;2013-12-01T00:00:00
17481511;573108;Libáň;;;;;136450;Psinice;;;č.p.;96;;;50723;682781.25;1021340.91;2013-12-01T00:00:00
17481520;573108;Libáň;;;;;136450;Psinice;;;č.p.;97;;;50723;682775.79;1021345.48;2013-12-01T00:00:00
17481538;573108;Libáň;;;;;136450;Psinice;;;č.ev.;1;;;50723;682811.91;1021156.84;2013-12-01T00:00:00
17481546;573108;Libáň;;;;;136450;Psinice;;;č.ev.;2;;;50723;;;2011-07-01T00:00:00
17518261;573108;Libáň;;;;;193283;Zliv;;;č.p.;1;;;50723;681442.74;1020461.50;2013-12-01T00:00:00
17518270;573108;Libáň;;;;;193283;Zliv;;;č.p.;2;;;50723;681453.52;1020437.38;2013-12-01T00:00:00
17518288;573108;Libáň;;;;;193283;Zliv;;;č.p.;3;;;50723;681502.17;1020379.71;2013-12-01T00:00:00
17518296;573108;Libáň;;;;;193283;Zliv;;;č.p.;4;;;50723;681523.70;1020388.51;2013-12-01T00:00:00
17518300;573108;Libáň;;;;;193283;Zliv;;;č.p.;5;;;50723;681535.01;1020385.63;2013-12-01T00:00:00
17518318;573108;Libáň;;;;;193283;Zliv;;;č.p.;6;;;50723;681507.11;1020347.29;2013-12-01T00:00:00
17518326;573108;Libáň;;;;;193283;Zliv;;;č.p.;7;;;50723;681567.35;1020347.69;2013-12-01T00:00:00
17518334;573108;Libáň;;;;;193283;Zliv;;;č.p.;8;;;50723;681522.16;1020293.83;2013-12-01T00:00:00
17518342;573108;Libáň;;;;;193283;Zliv;;;č.p.;9;;;50723;681521.26;1020260.95;2013-12-01T00:00:00
17518351;573108;Libáň;;;;;193283;Zliv;;;č.p.;10;;;50723;681583.79;1020246.53;2013-12-01T00:00:00
17518369;573108;Libáň;;;;;193283;Zliv;;;č.p.;11;;;50723;681511.48;1020607.80;2013-12-01T00:00:00
17518377;573108;Libáň;;;;;193283;Zliv;;;č.p.;12;;;50723;681555.02;1020049.72;2013-12-01T00:00:00
17518385;573108;Libáň;;;;;193283;Zliv;;;č.p.;13;;;50723;681646.50;1020096.85;2013-12-01T00:00:00
17518393;573108;Libáň;;;;;193283;Zliv;;;č.p.;14;;;50723;681568.38;1020167.75;2013-12-01T00:00:00
17518407;573108;Libáň;;;;;193283;Zliv;;;č.p.;15;;;50723;681575.88;1020184.81;2013-12-01T00:00:00
17518415;573108;Libáň;;;;;193283;Zliv;;;č.p.;16;;;50723;681602.38;1020211.77;2013-12-01T00:00:00
17518423;573108;Libáň;;;;;193283;Zliv;;;č.p.;17;;;50723;681691.72;1020228.34;2013-12-01T00:00:00
17518431;573108;Libáň;;;;;193283;Zliv;;;č.p.;18;;;50723;681695.74;1020249.70;2013-12-01T00:00:00
17518440;573108;Libáň;;;;;193283;Zliv;;;č.p.;19;;;50723;681676.70;1020284.88;2013-12-01T00:00:00
17518458;573108;Libáň;;;;;193283;Zliv;;;č.p.;20;;;50723;681675.12;1020296.03;2013-12-01T00:00:00
17518466;573108;Libáň;;;;;193283;Zliv;;;č.p.;21;;;50723;681661.36;1020313.11;2013-12-01T00:00:00
17518474;573108;Libáň;;;;;193283;Zliv;;;č.p.;22;;;50723;681617.40;1020299.59;2013-12-01T00:00:00
17518482;573108;Libáň;;;;;193283;Zliv;;;č.p.;23;;;50723;681597.40;1020346.93;2013-12-01T00:00:00
17518491;573108;Libáň;;;;;193283;Zliv;;;č.p.;24;;;50723;681559.67;1020389.27;2013-12-01T00:00:00
17518504;573108;Libáň;;;;;193283;Zliv;;;č.p.;25;;;50723;681548.59;1020397.91;2013-12-01T00:00:00
17518512;573108;Libáň;;;;;193283;Zliv;;;č.p.;26;;;50723;681532.81;1020412.25;2013-12-01T00:00:00
17518521;573108;Libáň;;;;;193283;Zliv;;;č.p.;27;;;50723;681489.72;1020458.09;2013-12-01T00:00:00
17518539;573108;Libáň;;;;;193283;Zliv;;;č.p.;28;;;50723;681479.70;1020494.70;2013-12-01T00:00:00
17518547;573108;Libáň;;;;;193283;Zliv;;;č.p.;29;;;50723;681476.35;1020514.82;2013-12-01T00:00:00
17518555;573108;Libáň;;;;;193283;Zliv;;;č.p.;30;;;50723;681529.20;1020495.66;2013-12-01T00:00:00
17518563;573108;Libáň;;;;;193283;Zliv;;;č.p.;31;;;50723;681541.42;1020481.59;2013-12-01T00:00:00
17518571;573108;Libáň;;;;;193283;Zliv;;;č.p.;32;;;50723;681545.23;1020539.31;2013-12-01T00:00:00
17518580;573108;Libáň;;;;;193283;Zliv;;;č.p.;34;;;50723;681547.56;1020556.92;2013-12-01T00:00:00
17518598;573108;Libáň;;;;;193283;Zliv;;;č.p.;35;;;50723;681575.26;1020585.44;2013-12-01T00:00:00
17518601;573108;Libáň;;;;;193283;Zliv;;;č.p.;36;;;50723;681549.32;1020595.52;2013-12-01T00:00:00
17518610;573108;Libáň;;;;;193283;Zliv;;;č.p.;37;;;50723;681503.72;1020639.47;2013-12-01T00:00:00
17518628;573108;Libáň;;;;;193283;Zliv;;;č.p.;38;;;50723;681499.71;1020654.11;2013-12-01T00:00:00
17518636;573108;Libáň;;;;;193283;Zliv;;;č.p.;39;;;50723;681483.72;1020682.17;2013-12-01T00:00:00
17518644;573108;Libáň;;;;;193283;Zliv;;;č.p.;40;;;50723;681481.05;1020700.60;2013-12-01T00:00:00
17518652;573108;Libáň;;;;;193283;Zliv;;;č.p.;41;;;50723;681577.92;1020342.53;2013-12-01T00:00:00
17518661;573108;Libáň;;;;;193283;Zliv;;;č.p.;42;;;50723;681493.24;1020721.39;2013-12-01T00:00:00
17518679;573108;Libáň;;;;;193283;Zliv;;;č.p.;43;;;50723;681485.08;1020741.50;2013-12-01T00:00:00
17518687;573108;Libáň;;;;;193283;Zliv;;;č.p.;44;;;50723;681484.31;1020756.58;2013-12-01T00:00:00
17518695;573108;Libáň;;;;;193283;Zliv;;;č.p.;46;;;50723;681873.76;1021085.20;2013-12-01T00:00:00
17518709;573108;Libáň;;;;;193283;Zliv;;;č.p.;47;;;50723;681584.00;1020491.98;2013-12-01T00:00:00
17518717;573108;Libáň;;;;;193283;Zliv;;;č.p.;48;;;50723;681554.31;1020133.87;2013-12-01T00:00:00
17518725;573108;Libáň;;;;;193283;Zliv;;;č.p.;49;;;50723;681640.77;1020255.03;2013-12-01T00:00:00
17518733;573108;Libáň;;;;;193283;Zliv;;;č.p.;55;;;50723;681596.48;1020291.04;2013-12-01T00:00:00
17518741;573108;Libáň;;;;;193283;Zliv;;;č.p.;58;;;50723;681469.43;1020423.04;2013-12-01T00:00:00
17518750;573108;Libáň;;;;;193283;Zliv;;;č.p.;59;;;50723;681494.13;1020416.87;2013-12-01T00:00:00
17518768;573108;Libáň;;;;;193283;Zliv;;;č.p.;64;;;50723;681533.27;1020090.40;2013-12-01T00:00:00
17518776;573108;Libáň;;;;;193283;Zliv;;;č.p.;65;;;50723;681640.67;1020230.70;2013-12-01T00:00:00
25258974;573108;Libáň;;;;;81671;Libáň;166120;Jičínská;č.p.;63;;;50723;682451.76;1018673.52;2013-12-01T00:00:00
25525425;573108;Libáň;;;;;81671;Libáň;166138;Smutná;č.p.;210;;;50723;682498.01;1018841.32;2013-12-01T00:00:00
25729802;573108;Libáň;;;;;81671;Libáň;721531;Sportovní;č.p.;561;;;50723;682126.13;1018407.37;2013-12-01T00:00:00
25740695;573108;Libáň;;;;;136441;Křešice;;;č.p.;64;;;50723;684064.80;1022659.19;2013-12-01T00:00:00
25919407;573108;Libáň;;;;;81671;Libáň;166154;Nad Hřištěm;č.p.;576;;;50723;682385.27;1018328.45;2013-12-01T00:00:00
25940678;573108;Libáň;;;;;81671;Libáň;166138;Smutná;č.p.;203;;;50723;682597.00;1018932.00;2013-12-01T00:00:00
25984438;573108;Libáň;;;;;81671;Libáň;721531;Sportovní;č.p.;558;;;50723;682156.52;1018471.29;2013-12-01T00:00:00
26313511;573108;Libáň;;;;;81671;Libáň;166014;Emlerova;č.p.;600;;;50723;682257.83;1019041.61;2013-12-01T00:00:00
26313529;573108;Libáň;;;;;81671;Libáň;166154;Nad Hřištěm;č.p.;575;;;50723;682406.15;1018324.48;2013-12-01T00:00:00
26488965;573108;Libáň;;;;;81671;Libáň;765180;Na Tržišti;č.p.;606;;;50723;682371.57;1019159.34;2015-01-06T00:00:00
26488973;573108;Libáň;;;;;81671;Libáň;765180;Na Tržišti;č.p.;608;;;50723;682331.84;1019156.46;2015-01-06T00:00:00
26599147;573108;Libáň;;;;;81671;Libáň;765180;Na Tržišti;č.p.;602;;;50723;682340.27;1019065.52;2015-01-06T00:00:00
26681382;573108;Libáň;;;;;81671;Libáň;765180;Na Tržišti;č.p.;604;;;50723;682376.69;1019106.66;2015-01-06T00:00:00
27077462;573108;Libáň;;;;;81671;Libáň;721531;Sportovní;č.p.;559;;;50723;682133.76;1018451.30;2013-12-01T00:00:00
27077471;573108;Libáň;;;;;81671;Libáň;765180;Na Tržišti;č.p.;605;;;50723;682373.60;1019132.83;2015-01-06T00:00:00
27104915;573108;Libáň;;;;;81671;Libáň;778664;Pod Vinicí;č.p.;595;;;50723;682640.08;1018286.17;2013-12-01T00:00:00
27273415;573108;Libáň;;;;;81671;Libáň;166090;Na Sídlišti;č.p.;215;;;50723;682350.66;1018568.72;2013-12-01T00:00:00
27395944;573108;Libáň;;;;;81671;Libáň;765180;Na Tržišti;č.p.;607;;;50723;682413.32;1019151.49;2015-01-06T00:00:00
27690628;573108;Libáň;;;;;81671;Libáň;166090;Na Sídlišti;č.p.;214;;;50723;682389.22;1018566.18;2013-12-01T00:00:00
27690679;573108;Libáň;;;;;81671;Libáň;765180;Na Tržišti;č.p.;610;;;50723;682343.63;1019107.27;2015-01-06T00:00:00
27805921;573108;Libáň;;;;;81671;Libáň;166090;Na Sídlišti;č.p.;245;;;50723;682260.94;1018609.47;2013-12-01T00:00:00
28082184;573108;Libáň;;;;;81671;Libáň;721531;Sportovní;č.p.;562;;;50723;682079.99;1018416.89;2013-12-01T00:00:00
28087828;573108;Libáň;;;;;81671;Libáň;765180;Na Tržišti;č.p.;611;;;50723;682307.00;1019096.00;2015-01-06T00:00:00
28108833;573108;Libáň;;;;;81671;Libáň;166057;Lindnerova;č.p.;599;;;50723;682602.55;1019308.27;2013-12-01T00:00:00
28152638;573108;Libáň;;;;;81663;Kozodírky;;;č.p.;31;;;50723;684260.47;1019573.68;2013-12-01T00:00:00
28152646;573108;Libáň;;;;;81671;Libáň;166022;Jiráskova;č.p.;530;;;50723;682211.15;1018928.21;2013-12-01T00:00:00
28272994;573108;Libáň;;;;;81671;Libáň;166006;Dukelská;č.p.;418;;;50723;681763.06;1018845.66;2013-12-01T00:00:00
28285174;573108;Libáň;;;;;81671;Libáň;166014;Emlerova;č.ev.;3;;;50723;682364.25;1018994.51;2015-01-06T00:00:00
28285191;573108;Libáň;;;;;81671;Libáň;166154;Nad Hřištěm;č.ev.;42;;;50723;682227.45;1018319.09;2013-12-01T00:00:00
28285212;573108;Libáň;;;;;81671;Libáň;166154;Nad Hřištěm;č.ev.;19;;;50723;;;2011-07-01T00:00:00
28285247;573108;Libáň;;;;;81671;Libáň;;;č.ev.;34;;;50723;682212.14;1018303.83;2013-12-01T00:00:00
28333772;573108;Libáň;;;;;81671;Libáň;166154;Nad Hřištěm;č.ev.;41;;;50723;682227.32;1018316.05;2013-12-01T00:00:00
28333781;573108;Libáň;;;;;81671;Libáň;166154;Nad Hřištěm;č.ev.;48;;;50723;682233.58;1018310.17;2013-12-01T00:00:00
28333799;573108;Libáň;;;;;81671;Libáň;166154;Nad Hřištěm;č.ev.;49;;;50723;682233.65;1018307.20;2013-12-01T00:00:00
28390539;573108;Libáň;;;;;81671;Libáň;166014;Emlerova;č.p.;614;;;50723;682076.14;1019665.52;2013-12-01T00:00:00
30292247;573108;Libáň;;;;;81671;Libáň;166120;Jičínská;č.p.;252;;;50723;682448.24;1018547.49;2016-03-23T00:00:00
30805716;573108;Libáň;;;;;81663;Kozodírky;;;č.p.;23;;;50723;684378.97;1019513.13;2013-12-01T00:00:00
30805724;573108;Libáň;;;;;81671;Libáň;165964;T. G. Masaryka;č.p.;76;;;50723;682249.50;1018648.59;2013-12-01T00:00:00
30805732;573108;Libáň;;;;;81671;Libáň;166022;Jiráskova;č.p.;121;;;50723;682064.00;1018749.00;2016-03-23T00:00:00
30805741;573108;Libáň;;;;;81671;Libáň;166073;Na Horách;č.p.;328;;;50723;680898.06;1018251.82;2013-12-01T00:00:00
30872961;573108;Libáň;;;;;136441;Křešice;;;č.p.;51;;;50723;684051.36;1022605.83;2013-12-01T00:00:00
31254624;573108;Libáň;;;;;81671;Libáň;166138;Smutná;č.ev.;2;;;50723;682457.06;1018867.71;2016-03-24T00:00:00
40066487;573108;Libáň;;;;;81671;Libáň;166120;Jičínská;č.p.;57;;;50723;682435.68;1018550.68;2016-03-23T00:00:00
40405958;573108;Libáň;;;;;81671;Libáň;765180;Na Tržišti;č.p.;613;;;50723;682292.11;1019158.07;2015-01-06T00:00:00
40410293;573108;Libáň;;;;;81671;Libáň;166022;Jiráskova;č.p.;616;;;50723;682073.93;1018868.58;2015-01-07T00:00:00
41304527;573108;Libáň;;;;;81671;Libáň;165964;T. G. Masaryka;č.p.;615;;;50723;682111.16;1018714.50;2013-12-01T00:00:00
41818091;573108;Libáň;;;;;81671;Libáň;721531;Sportovní;č.p.;560;;;50723;682121.96;1018431.69;2013-12-01T00:00:00
70528381;573108;Libáň;;;;;81671;Libáň;166022;Jiráskova;č.p.;122;;;50723;682057.22;1018794.48;2015-01-07T00:00:00
73787990;573108;Libáň;;;;;81671;Libáň;166006;Dukelská;č.p.;617;;;50723;681804.79;1018765.24;2015-09-21T00:00:00
73874663;573108;Libáň;;;;;136450;Psinice;;;č.ev.;3;;;50723;683334.03;1021721.82;2015-07-16T00:00:00
74780514;573108;Libáň;;;;;81671;Libáň;165999;Českých bratří;č.p.;618;;;50723;682591.62;1018444.14;2016-03-22T00:00:00
74868926;573108;Libáň;;;;;81671;Libáň;166049;Komenského;č.p.;619;;;50723;682197.75;1018639.71;2016-04-11T00:00:00
75429772;573108;Libáň;;;;;81671;Libáň;765180;Na Tržišti;č.p.;622;;;50723;682380.35;1019205.97;2016-10-17T00:00:00
75669978;573108;Libáň;;;;;81671;Libáň;165999;Českých bratří;č.p.;628;;;50723;682952.35;1018212.75;2016-12-21T00:00:00
75866633;573108;Libáň;;;;;81671;Libáň;166057;Lindnerova;č.p.;620;;;50723;682511.50;1019173.47;2017-02-23T00:00:00
76591905;573108;Libáň;;;;;81671;Libáň;165999;Českých bratří;č.p.;635;;;50723;683163.29;1018239.47;2017-06-27T00:00:00
77540310;573108;Libáň;;;;;136450;Psinice;;;č.p.;98;;;50723;682805.14;1020820.68;2017-08-01T00:00:00
77814096;573108;Libáň;;;;;81671;Libáň;166120;Jičínská;č.p.;636;;;50723;682488.08;1018734.95;2017-11-22T00:00:00
